Chromosome,Start,End,Type,Pathogenicity,end-start
6,259531,293497,loss,Benign,33967
11,31500417,31539732,loss,Pathogenic,39316
11,31720147,31816290,loss,Pathogenic,96144
11,31765618,31792086,loss,Pathogenic,26469
11,31789914,31794829,loss,Pathogenic,4916
11,31789934,31806401,loss,Pathogenic,16468
11,31789934,31806411,loss,Pathogenic,16478
11,31793930,31794052,loss,Pathogenic,123
11,31794610,31794829,loss,Pathogenic,220
11,31800611,31803052,loss,Pathogenic,2442
11,31804176,31817620,loss,Pathogenic,13445
11,32389048,32435355,loss,Pathogenic,46308
11,32389058,32435345,loss,Pathogenic,46288
11,32396251,32417660,loss,Pathogenic,21410
14,106704829,106774412,gain,Benign,69584
1,25282988,25321796,loss,Benign,38809
1,27491184,27584566,loss,Pathogenic,93383
1,100007014,100011553,loss,Pathogenic,4540
1,103564937,103621159,gain,Benign,56223
1,196776934,196828033,loss,Benign,51100
1,196830143,196922509,loss,Benign,92367
1,196856035,196922509,loss,Benign,66475
1,247037209,247101457,loss,Benign,64249
2,24400,57011,gain,Benign,32612
2,50584029,50642926,loss,Pathogenic,58898
2,50915711,50999091,loss,Pathogenic,83381
2,50999032,51087292,loss,Pathogenic,88261
2,51026351,51032054,loss,Pathogenic,5704
2,52479088,52554302,loss,Benign,75215
2,110123094,110207198,gain,Benign,84105
2,148157591,148226058,loss,Pathogenic,68468
2,241981931,242011489,gain,Benign,29559
2,241981931,242005839,loss,Benign,23909
2,241988449,242065208,loss,Benign,76760
2,241988449,242065208,gain,Benign,76760
2,242027664,242065306,loss,Benign,37643
3,198024682,198110178,gain,Benign,85497
4,37335,66424,loss,Benign,29090
4,37335,72487,loss,Benign,35153
4,45893,66424,loss,Benign,20532
4,72555,113701,gain,Benign,41147
4,975137,1026629,gain,Benign,51493
4,68509451,68596407,loss,Benign,86957
4,68509451,68596407,gain,Benign,86957
5,49978,83159,gain,Benign,33182
5,71798,116731,gain,Benign,44934
5,71074103,71092987,loss,Benign,18885
6,259318,307998,loss,Benign,48681
6,259318,339802,loss,Benign,80485
6,259345,289144,loss,Benign,29800
6,259528,293493,gain,Benign,33966
6,259528,339802,loss,Benign,80275
6,259528,339802,gain,Benign,80275
6,259528,350265,loss,Benign,90738
6,259528,350265,gain,Benign,90738
6,259528,293493,loss,Benign,33966
6,259528,307998,loss,Benign,48471
6,259531,289298,gain,Benign,29768
6,259531,296605,gain,Benign,37075
6,259531,339797,loss,Benign,80267
6,259531,339797,gain,Benign,80267
6,259531,307995,loss,Benign,48465
6,259531,307995,gain,Benign,48465
6,259531,296605,loss,Benign,37075
6,259531,293497,gain,Benign,33967
6,259531,301899,gain,Benign,42369
6,265806,289298,gain,Benign,23493
6,274686,339797,gain,Benign,65112
6,279208,339797,gain,Benign,60590
6,296546,339797,gain,Benign,43252
6,29887122,29969806,loss,Benign,82685
6,162054091,162054174,loss,Pathogenic,84
7,2399677,2440907,loss,Benign,41231
7,74215861,74219254,loss,Benign,3394
7,142753059,142778670,loss,Benign,25612
8,7714673,7760620,loss,Benign,45948
8,39379948,39451952,gain,Benign,72005
8,86667104,86675513,loss,Pathogenic,8410
9,19096650,19096709,gain,Benign,60
10,28615986,28617466,loss,Pathogenic,1481
10,133468195,133563886,gain,Benign,95692
10,133510330,133532350,loss,Benign,22021
10,133538858,133620609,gain,Benign,81752
10,133538868,133620674,gain,Benign,81807
11,55600886,55671230,gain,Benign,70345
11,55600886,55683282,gain,Benign,82397
12,351494,361475,loss,Pathogenic,9982
12,9471247,9569233,loss,Benign,97987
12,9484757,9541323,loss,Benign,56567
12,47983546,47986866,loss,Pathogenic,3321
14,19870613,19952661,loss,Benign,82049
14,19908079,19929543,loss,Benign,21465
14,35109816,35151026,loss,Benign,41211
14,106329925,106354331,loss,Benign,24407
14,106467689,106565845,gain,Benign,98157
14,106614593,106653068,loss,Benign,38476
14,106689633,106774412,gain,Benign,84780
14,106692695,106777273,loss,Benign,84579
14,106692695,106774412,loss,Benign,81718
14,106692695,106774412,gain,Benign,81718
14,106692722,106777273,gain,Benign,84552
14,106692722,106774419,gain,Benign,81698
15,24823754,24837359,loss,Benign,13606
15,24847126,24862220,loss,Benign,15095
15,43600609,43647444,loss,Pathogenic,46836
15,92996937,93014929,loss,Pathogenic,17993
15,101621277,101708810,gain,Benign,87534
16,22798,32437,loss,Benign,9640
16,6245158,6327302,loss,Pathogenic,82145
16,14954924,14979916,loss,Benign,24993
16,90020443,90081992,loss,Benign,61550
17,37710502,37710662,loss,Pathogenic,161
17,37731594,37731829,loss,Pathogenic,236
17,37739500,37739574,loss,Pathogenic,75
19,260928,307812,gain,Benign,46885
19,13408530,13493692,loss,Pathogenic,85163
19,44848450,44882552,loss,Benign,34103
20,1583082,1610532,gain,Benign,27451
21,37347863,37423682,loss,Pathogenic,75820
21,46598937,46670405,gain,Benign,71469
22,38957661,38984034,loss,Benign,26374
22,50079810,50080366,loss,Pathogenic,557
22,50685063,50780581,loss,Pathogenic,95519
22,50685063,50739836,loss,Pathogenic,54774
22,50689468,50759410,loss,Pathogenic,69943
22,50698898,50727249,loss,Pathogenic,28352
1,629055,714368,loss,Benign,85314
1,859245,911327,gain,Benign,52083
1,904070,932163,gain,Benign,28094
1,904070,978251,loss,Benign,74182
1,978251,1072906,gain,Benign,94656
1,996104,1072906,gain,Benign,76803
1,1029317,1072906,gain,Benign,43590
1,1143156,1223303,loss,Benign,80148
1,1516568,1518002,loss,Pathogenic,1435
1,10637036,10693021,gain,Benign,55986
1,10693021,10743996,gain,Benign,50976
1,12800662,12858960,loss,Benign,58299
1,16037758,16050360,loss,Benign,12603
1,16637078,16727421,loss,Benign,90344
1,16761932,16779982,loss,Benign,18051
1,49463753,49522404,loss,Benign,58652
1,49493753,49583808,loss,Benign,90056
1,65473801,65541817,gain,Benign,68017
1,79075675,79146531,loss,Benign,70857
1,102915924,102966355,loss,Pathogenic,50432
1,103618379,103668405,gain,Benign,50027
1,120014117,120092791,gain,Benign,78675
1,120026791,120092791,gain,Benign,66001
1,121288839,121361765,gain,Benign,72927
1,143642875,143729363,gain,Benign,86489
1,146004406,146046645,gain,Benign,42240
1,147378244,147455861,loss,Benign,77618
1,147756534,147776607,gain,Benign,20074
1,148425519,148437320,gain,Benign,11802
1,149080778,149090012,gain,Benign,9235
1,151360648,151427484,gain,Benign,66837
1,152566461,152613805,loss,Benign,47345
1,160059626,160136196,loss,Benign,76571
1,160059626,160136196,gain,Benign,76571
1,161532018,161567694,loss,Benign,35677
1,161589976,161649084,gain,Benign,59109
1,176743655,176811980,loss,Benign,68326
1,196769797,196830143,loss,Benign,60347
1,196769797,196830143,gain,Benign,60347
1,196776934,196828033,gain,Benign,51100
1,196788148,196827586,loss,Pathogenic,39439
1,196819082,196914268,loss,Benign,95187
1,196827974,196914268,gain,Benign,86295
1,218520148,218603627,gain,Benign,83480
1,230693760,230780212,loss,Pathogenic,86453
1,238512952,238590128,gain,Benign,77177
1,243786629,243870496,loss,Pathogenic,83868
1,244860315,244862750,loss,Pathogenic,2436
1,244864129,244864219,loss,Pathogenic,91
1,246338331,246415872,loss,Benign,77542
1,247995637,248042653,loss,Benign,47017
1,248128267,248176638,loss,Benign,48372
1,248128267,248176638,gain,Benign,48372
1,248564628,248628926,loss,Benign,64299
1,248564628,248622232,loss,Benign,57605
1,248592944,248628926,loss,Benign,35983
1,248698904,248738419,gain,Benign,39516
2,30341,84728,gain,Benign,54388
2,1438270,1504110,gain,Benign,65841
2,39097156,39101653,loss,Benign,4498
2,44283642,44298735,loss,Benign,15094
2,44303991,44325759,loss,Pathogenic,21769
2,44868615,44944763,loss,Benign,76149
2,44941697,44942175,gain,Benign,479
2,44941697,44942746,gain,Benign,1050
2,44944704,44945255,gain,Benign,552
2,44944718,44945255,gain,Benign,538
2,50743524,50780885,gain,Benign,37362
2,50822507,50894953,loss,Benign,72447
2,50822507,50839440,loss,Benign,16934
2,50944985,51024360,loss,Pathogenic,79376
2,52617246,52658362,loss,Benign,41117
2,60886284,60922484,loss,Benign,36201
2,70477119,70533315,gain,Benign,56197
2,73448765,73448766,gain,Pathogenic,2
2,73450430,73450599,loss,Pathogenic,170
2,73452180,73452588,loss,Pathogenic,409
2,81992914,82066498,gain,Benign,73585
2,88941499,88959991,loss,Benign,18493
2,88944755,88959991,loss,Benign,15237
2,89200535,89228087,gain,Benign,27553
2,95917954,96006224,gain,Benign,88271
2,95969423,96006224,gain,Benign,36802
2,96006224,96039305,gain,Benign,33082
2,107822694,107825068,gain,Benign,2375
2,107822694,107860072,gain,Benign,37379
2,110104900,110201550,gain,Benign,96651
2,110143816,110222824,loss,Benign,79009
2,110143902,110222910,loss,Benign,79009
2,131961752,132048425,gain,Benign,86674
2,148483177,148483258,loss,Pathogenic,82
2,149857687,149928608,loss,Benign,70922
2,156326083,156327001,loss,Pathogenic,919
2,166044436,166079787,loss,Pathogenic,35352
2,176124494,176124918,gain,Benign,425
2,186215422,186309002,loss,Benign,93581
2,189828954,189853926,loss,Pathogenic,24973
2,199309935,199403802,gain,Pathogenic,93868
2,199348681,199433534,loss,Pathogenic,84854
2,199364049,199399062,gain,Pathogenic,35014
2,211495527,211547980,loss,Benign,52454
2,229684757,229717735,loss,Benign,32979
2,240687867,240769873,gain,Benign,82007
2,241914448,242005839,loss,Benign,91392
2,241937914,242011489,gain,Benign,73576
2,241944222,242016199,gain,Benign,71978
2,241947674,242005889,loss,Benign,58216
2,241947675,242005839,loss,Benign,58165
2,241947704,241968354,gain,Benign,20651
2,241978046,242005839,loss,Benign,27794
2,241981907,242005889,loss,Benign,23983
2,241984997,242005839,loss,Benign,20843
2,241988449,242005889,loss,Benign,17441
2,242011430,242065306,loss,Benign,53877
2,242011430,242065306,gain,Benign,53877
2,242016346,242038116,loss,Benign,21771
2,242055528,242072968,loss,Benign,17441
3,52747,118096,gain,Benign,65350
3,190813,213696,gain,Benign,22884
3,684961,758641,gain,Benign,73681
3,1126048,1196033,gain,Benign,69986
3,1880775,1920995,loss,Benign,40221
3,2475307,2540154,loss,Benign,64848
3,7947823,8038727,loss,Benign,90905
3,12642555,12734272,gain,Benign,91718
3,22079119,22155543,gain,Benign,76425
3,25699606,25738988,loss,Pathogenic,39383
3,25751078,25751283,loss,Pathogenic,206
3,65184529,65227773,loss,Benign,43245
3,75654754,75742414,gain,Benign,87661
3,75669377,75742414,gain,Benign,73038
3,78482397,78571972,loss,Benign,89576
3,79513424,79550313,gain,Benign,36890
3,82116407,82199434,loss,Benign,83028
3,100641848,100725206,gain,Benign,83359
3,119033541,119081373,gain,Benign,47833
3,138945182,138946841,loss,Pathogenic,1660
3,161717568,161802775,loss,Benign,85208
3,163087562,163177968,loss,Benign,90407
3,163143228,163227379,loss,Benign,84152
3,169764741,169767716,loss,Pathogenic,2976
3,181712160,181713165,gain,Benign,1006
3,181712337,181712392,loss,Pathogenic,56
3,195631406,195699004,gain,Benign,67599
3,195631451,195699004,gain,Benign,67554
3,195654549,195699004,gain,Benign,44456
3,195692326,195711622,loss,Benign,19297
3,195692326,195711622,gain,Benign,19297
3,195729616,195732718,gain,Benign,3103
3,195733529,195736631,gain,Benign,3103
3,195838288,195918665,gain,Benign,80378
3,195896948,195937261,gain,Benign,40314
3,196724728,196754615,gain,Benign,29888
3,197786508,197876465,gain,Benign,89958
3,198094867,198168298,gain,Benign,73432
3,198136564,198185410,gain,Benign,48847
3,198136564,198219662,gain,Benign,83099
4,12440,64685,gain,Benign,52246
4,36424,68319,loss,Benign,31896
4,37125,75813,loss,Benign,38689
4,37335,64740,loss,Benign,27406
4,37335,133536,gain,Benign,96202
4,37335,59399,loss,Benign,22065
4,45893,64740,loss,Benign,18848
4,45916,68293,loss,Benign,22378
4,48637,66424,loss,Benign,17788
4,51519,113701,gain,Benign,62183
4,64685,117990,gain,Benign,53306
4,66365,133536,gain,Benign,67172
4,72428,162374,gain,Benign,89947
4,72428,118039,gain,Benign,45612
4,72428,133536,gain,Benign,61109
4,135972,227660,gain,Benign,91689
4,149300,191519,loss,Benign,42220
4,153787,191636,loss,Benign,37850
4,162315,180719,gain,Benign,18405
4,958618,1026629,gain,Benign,68012
4,958677,1026629,gain,Benign,67953
4,975137,1026688,gain,Benign,51552
4,4165045,4188320,gain,Benign,23276
4,4165045,4247526,gain,Benign,82482
4,4188320,4247526,gain,Benign,59207
4,12998655,13069906,gain,Benign,71252
4,49161529,49213521,gain,Benign,51993
4,49161529,49235485,gain,Benign,73957
4,49235485,49331265,gain,Benign,95781
4,68509451,68568203,loss,Benign,58753
4,68509451,68568203,gain,Benign,58753
4,68526857,68596407,gain,Benign,69551
4,69259413,69316429,gain,Benign,57017
4,69288177,69364412,gain,Benign,76236
4,69288177,69337501,gain,Benign,49325
4,106170668,106178063,loss,Pathogenic,7396
4,106171094,106171270,loss,Pathogenic,177
4,128864528,128936837,gain,Benign,72310
4,137183731,137260213,loss,Benign,76483
4,173734069,173820899,gain,Pathogenic,86831
4,185717485,185738139,gain,Benign,20655
4,189158084,189238295,gain,Benign,80212
4,189953302,190022219,gain,Benign,68918
4,190022219,190091407,gain,Benign,69189
5,22149,86251,gain,Benign,64103
5,22149,83159,gain,Benign,61011
5,71789,138331,gain,Benign,66543
5,71789,116747,gain,Benign,44959
5,71789,113770,gain,Benign,41982
5,100239,182566,gain,Benign,82328
5,234045,292564,gain,Benign,58520
5,346162,404606,gain,Benign,58445
5,470447,496067,gain,Benign,25621
5,554159,607509,gain,Benign,53351
5,692766,772959,loss,Benign,80194
5,710409,795659,gain,Benign,85251
5,759084,820331,gain,Benign,61248
5,795659,821793,loss,Benign,26135
5,981420,1021566,loss,Benign,40147
5,1280152,1280344,loss,Pathogenic,193
5,21288685,21377167,gain,Benign,88483
5,32110628,32149617,gain,Benign,38990
5,36834830,36906334,loss,Pathogenic,71505
5,64344867,64370545,loss,Benign,25679
5,88744060,88749622,loss,Pathogenic,5563
5,97716206,97741618,loss,Benign,25413
5,97716206,97793969,loss,Benign,77764
5,102458385,102498538,loss,Benign,40154
5,111240313,111317511,loss,Benign,77199
5,113743389,113834452,loss,Benign,91064
5,116172632,116197770,gain,Benign,25139
5,116197770,116249556,loss,Benign,51787
5,128434801,128486349,loss,Pathogenic,51549
5,141190858,141192504,loss,Benign,1647
5,150368321,150396843,gain,Pathogenic,28523
5,172331781,172344363,loss,Pathogenic,12583
5,177228604,177246556,loss,Pathogenic,17953
5,177235801,177239885,loss,Pathogenic,4085
5,177239706,177291908,loss,Pathogenic,52203
5,177280545,177283948,loss,Pathogenic,3404
5,180764645,180859067,gain,Benign,94423
5,181149812,181177344,gain,Benign,27533
5,181297242,181324872,gain,Benign,27631
5,181356054,181448620,gain,Benign,92567
5,181356054,181398789,loss,Benign,42736
5,181356054,181398789,gain,Benign,42736
6,152664,184808,loss,Benign,32145
6,163083,184838,loss,Benign,21756
6,241739,339797,gain,Benign,98059
6,253107,293782,gain,Benign,40676
6,255324,339797,gain,Benign,84474
6,259318,289174,gain,Benign,29857
6,259318,296733,gain,Benign,37416
6,259318,289174,loss,Benign,29857
6,259318,301907,gain,Benign,42590
6,259318,293615,loss,Benign,34298
6,259318,293615,gain,Benign,34298
6,259318,339802,gain,Benign,80485
6,259345,296704,gain,Benign,37360
6,259345,293592,loss,Benign,34248
6,259345,350238,loss,Benign,90894
6,259528,307998,gain,Benign,48471
6,259531,293782,gain,Benign,34252
6,259531,296523,gain,Benign,36993
6,259531,301899,loss,Benign,42369
6,259881,307998,loss,Benign,48118
6,259881,289174,loss,Benign,29294
6,259881,293615,loss,Benign,33735
6,259881,339802,loss,Benign,79922
6,259881,339802,gain,Benign,79922
6,259881,289174,gain,Benign,29294
6,259911,339797,loss,Benign,79887
6,259911,293497,loss,Benign,33587
6,265806,293497,gain,Benign,27692
6,266079,339802,gain,Benign,73724
6,266079,339802,loss,Benign,73724
6,279208,289298,gain,Benign,10091
6,279208,293497,loss,Benign,14290
6,279208,293497,gain,Benign,14290
6,279314,293615,loss,Benign,14302
6,283968,339802,loss,Benign,55835
6,293438,339797,loss,Benign,46360
6,296464,366639,gain,Benign,70176
6,296546,339797,loss,Benign,43252
6,296674,339802,gain,Benign,43129
6,5368551,5431192,loss,Pathogenic,62642
6,5368551,5369202,loss,Pathogenic,652
6,5404522,5404721,loss,Pathogenic,200
6,5613149,5613340,loss,Pathogenic,192
6,19479716,19570142,gain,Benign,90427
6,24527977,24528186,loss,Pathogenic,210
6,29134533,29184989,gain,Benign,50457
6,29134533,29154904,loss,Benign,20372
6,29887122,29928906,loss,Benign,41785
6,29887122,29934508,loss,Benign,47387
6,31413982,31477904,loss,Benign,63923
6,31971993,32012974,loss,Benign,40982
6,31980422,32041505,loss,Benign,61084
6,31996089,32041483,loss,Benign,45395
6,32482945,32554123,gain,Benign,71179
6,32482945,32578707,gain,Benign,95763
6,32482945,32558311,gain,Benign,75367
6,32482945,32529554,gain,Benign,46610
6,32489435,32554123,loss,Benign,64689
6,32519674,32614050,gain,Benign,94377
6,35521732,35570367,gain,Benign,48636
6,35547999,35570367,gain,Benign,22369
6,45540582,45558590,loss,Pathogenic,18009
6,49456070,49456247,loss,Pathogenic,178
6,57052810,57085760,gain,Benign,32951
6,61544320,61640953,loss,Benign,96634
6,62566683,62638936,gain,Benign,72254
6,67865315,67962011,loss,Benign,96697
6,73641681,73644613,loss,Pathogenic,2933
6,126793302,126881012,loss,Benign,87711
6,157036218,157111403,loss,Pathogenic,75186
6,160133052,160158522,gain,Benign,25471
6,162184862,162273766,loss,Benign,88905
6,162233059,162327256,loss,Benign,94198
6,162539079,162629312,loss,Benign,90234
6,170456961,170539641,gain,Benign,82681
6,170523344,170602152,gain,Benign,78809
6,170628371,170674315,gain,Benign,45945
6,170628371,170716383,gain,Benign,88013
6,170628371,170699009,gain,Benign,70639
7,36480,80075,gain,Benign,43596
7,36480,102404,gain,Benign,65925
7,54165,127214,gain,Benign,73050
7,54185,120272,gain,Benign,66088
7,120242,180597,loss,Benign,60356
7,127155,214573,gain,Benign,87419
7,183570,229852,gain,Benign,46283
7,214514,229824,loss,Benign,15311
7,866937,948487,gain,Benign,81551
7,890905,945447,gain,Benign,54543
7,896276,940377,gain,Benign,44102
7,1918597,1993006,loss,Benign,74410
7,1967724,2035327,loss,Benign,67604
7,3127777,3174444,loss,Benign,46668
7,5497215,5531287,loss,Pathogenic,34073
7,13199896,13287454,loss,Benign,87559
7,15002609,15099804,loss,Benign,97196
7,16325260,16401680,loss,Benign,76421
7,17077153,17149009,loss,Benign,71857
7,29651662,29717170,gain,Benign,65509
7,33111046,33131474,gain,Benign,20429
7,38264846,38306804,loss,Benign,41959
7,41964349,41964757,loss,Pathogenic,409
7,42048495,42048568,loss,Pathogenic,74
7,42148294,42148348,loss,Pathogenic,55
7,55878835,55888002,gain,Benign,9168
7,63233933,63272357,loss,Benign,38425
7,66076062,66092932,loss,Pathogenic,16871
7,70724914,70755760,loss,Pathogenic,30847
7,72724762,72815601,gain,Benign,90840
7,73324677,73352304,gain,Benign,27628
7,74035454,74133404,gain,Pathogenic,97951
7,80627421,80651297,loss,Pathogenic,23877
7,102694873,102719207,loss,Benign,24335
7,113485224,113569777,loss,Benign,84554
7,124967179,125033187,loss,Benign,66009
7,142699919,142764809,loss,Benign,64891
7,142738202,142752593,loss,Benign,14392
7,142747721,142752399,loss,Benign,4679
7,142750668,142753086,gain,Benign,2419
7,142750817,142752399,loss,Benign,1583
7,142750915,142752399,loss,Benign,1485
7,142751354,142752600,gain,Benign,1247
7,142753059,142768220,loss,Benign,15162
7,155807064,155811292,gain,Benign,4229
7,156994164,157006848,gain,Pathogenic,12685
8,66046,123860,gain,Benign,57815
8,66046,106814,gain,Benign,40769
8,70977,144623,gain,Benign,73647
8,90247,178199,gain,Benign,87953
8,137572,171006,gain,Benign,33435
8,137572,178199,loss,Benign,40628
8,137572,178199,gain,Benign,40628
8,4479463,4557063,loss,Benign,77601
8,6732159,6822611,gain,Benign,90453
8,6763923,6822611,gain,Benign,58689
8,6872995,6937548,loss,Benign,64554
8,7256134,7294303,loss,Benign,38170
8,7256134,7294303,gain,Benign,38170
8,7385456,7477132,gain,Benign,91677
8,7714673,7760620,gain,Benign,45948
8,7722294,7760620,loss,Benign,38327
8,7722294,7760620,gain,Benign,38327
8,8711994,8764148,loss,Benign,52155
8,9095400,9124781,loss,Benign,29382
8,9180998,9254812,loss,Benign,73815
8,9186419,9254812,loss,Benign,68394
8,11534277,11562107,gain,Benign,27831
8,11739235,11803434,loss,Pathogenic,64200
8,12362772,12383614,gain,Benign,20843
8,14047934,14103793,gain,Benign,55860
8,16094502,16164176,loss,Benign,69675
8,23043686,23080572,gain,Benign,36887
8,29563289,29618756,gain,Benign,55468
8,39401405,39452100,loss,Benign,50696
8,39401405,39487931,loss,Benign,86527
8,39401570,39474982,gain,Benign,73413
8,47276396,47303590,gain,Benign,27195
8,49963151,50020121,loss,Benign,56971
8,91103751,91132103,loss,Benign,28353
8,91103781,91163472,loss,Benign,59692
8,102551629,102577634,gain,Benign,26006
8,144468986,144535245,gain,Benign,66260
8,144972242,144997345,loss,Benign,25104
8,144992787,145049504,loss,Benign,56718
8,144997177,145010034,loss,Benign,12858
9,204193,295405,gain,Benign,91213
9,239426,315028,gain,Benign,75603
9,254654,329684,gain,Benign,75031
9,271257,314969,gain,Benign,43713
9,4627565,4724294,loss,Benign,96730
9,6672380,6714941,gain,Benign,42562
9,8284068,8331541,loss,Benign,47474
9,11868524,11952522,loss,Benign,83999
9,11904249,11981564,loss,Benign,77316
9,11927681,12007047,loss,Benign,79367
9,12031727,12114297,loss,Benign,82571
9,25527397,25616021,loss,Benign,88625
9,28670180,28745048,loss,Benign,74869
9,30424071,30520900,loss,Benign,96830
9,63801882,63894710,loss,Benign,92829
9,95465690,95468549,loss,Pathogenic,2860
9,122546532,122607645,loss,Benign,61114
9,122546532,122628235,gain,Benign,81704
9,126688184,126693311,gain,Benign,5128
9,127658453,127660122,loss,Pathogenic,1670
9,132875199,132900715,loss,Pathogenic,25517
9,132896215,132928892,loss,Pathogenic,32678
9,132896215,132904474,loss,Pathogenic,8260
9,132896229,132928878,loss,Pathogenic,32650
9,132900715,132912457,gain,Pathogenic,11743
9,132901488,132903045,loss,Pathogenic,1558
9,132902018,132904171,loss,Pathogenic,2154
9,132905473,132906040,loss,Pathogenic,568
9,132910551,132912477,loss,Pathogenic,1927
9,135768850,135768851,gain,Pathogenic,2
9,137025210,137048081,gain,Benign,22872
9,137729444,137745563,gain,Pathogenic,16120
9,137743457,137836015,loss,Pathogenic,92559
9,137778047,137862670,loss,Pathogenic,84624
9,137778047,137818152,loss,Pathogenic,40106
9,138138686,138216026,gain,Benign,77341
9,138143421,138231605,gain,Benign,88185
9,138150299,138200278,gain,Benign,49980
9,138167115,138248277,gain,Benign,81163
9,138167115,138216026,gain,Benign,48912
9,138179401,138216026,gain,Benign,36626
9,138179401,138255955,gain,Benign,76555
9,138179401,138212024,gain,Benign,32624
9,138179401,138231605,gain,Benign,52205
10,17839748,17920896,gain,Benign,81149
10,37154577,37206038,gain,Benign,51462
10,44752237,44835829,gain,Benign,83593
10,46526689,46584622,loss,Benign,57934
10,50729367,50759170,gain,Benign,29804
10,66312974,66394729,loss,Benign,81756
10,94760469,94780679,loss,Benign,20211
10,98907968,98937040,loss,Benign,29073
10,106700462,106752467,gain,Benign,52006
10,117543285,117547455,gain,Benign,4171
10,131761691,131805535,gain,Benign,43845
10,132890906,132982094,gain,Benign,91189
10,133362462,133368922,loss,Pathogenic,6461
10,133398406,133421339,loss,Benign,22934
10,133465763,133558988,gain,Benign,93226
10,133465763,133564028,gain,Benign,98266
10,133465763,133556331,gain,Benign,90569
10,133468195,133556327,gain,Benign,88133
10,133481635,133559017,gain,Benign,77383
10,133503306,133591019,gain,Benign,87714
10,133536160,133620609,gain,Benign,84450
10,133538858,133556327,gain,Benign,17470
10,133538868,133591019,gain,Benign,52152
10,133538868,133558988,gain,Benign,20121
10,133538868,133564028,loss,Benign,25161
10,133540771,133620609,gain,Benign,79839
10,133540771,133556327,gain,Benign,15557
10,133577759,133597879,gain,Benign,20121
10,133577759,133629910,gain,Benign,52152
11,61793,116316,gain,Benign,54524
11,196966,244236,gain,Benign,47271
11,200222,237805,gain,Benign,37584
11,359217,414570,gain,Benign,55354
11,371634,426161,gain,Benign,54528
11,371634,414570,gain,Benign,42937
11,1923685,2003319,gain,Pathogenic,79635
11,1995445,1995611,gain,Benign,167
11,2454516,2461603,loss,Pathogenic,7088
11,3526586,3624080,gain,Benign,97495
11,7795944,7825502,loss,Benign,29559
11,7795944,7872826,loss,Benign,76883
11,45910172,45910780,loss,Pathogenic,609
11,47568261,47595569,gain,Benign,27309
11,55600886,55683282,loss,Benign,82397
11,55973062,56053540,loss,Benign,80479
11,55973062,56053540,gain,Benign,80479
11,56555514,56584888,loss,Benign,29375
11,67806872,67875746,gain,Benign,68875
11,81426056,81507895,loss,Benign,81840
11,89898811,89923744,loss,Benign,24934
11,104450471,104535171,gain,Benign,84701
11,134287463,134358144,gain,Benign,70682
11,134287463,134337921,loss,Benign,50459
11,134287463,134337921,gain,Benign,50459
11,134511738,134576207,loss,Benign,64470
11,134511768,134576237,loss,Benign,64470
11,134867672,134946519,gain,Benign,78848
11,134946367,135020905,gain,Benign,74539
12,352383,366602,gain,Benign,14220
12,2686912,2733167,loss,Pathogenic,46256
12,7850818,7936064,loss,Benign,85247
12,9484757,9535273,loss,Benign,50517
12,9484757,9541323,gain,Benign,56567
12,9484757,9569233,loss,Benign,84477
12,9484757,9569233,gain,Benign,84477
12,11040075,11121039,loss,Benign,80965
12,11360482,11400550,gain,Benign,40069
12,45690000,45750000,loss,Pathogenic,60001
12,52310983,52353613,gain,Benign,42631
12,52310983,52385900,gain,Benign,74918
12,56942513,56980653,loss,Benign,38141
12,63626512,63722729,gain,Benign,96218
12,66783512,66855222,loss,Benign,71711
12,66789696,66816559,loss,Benign,26864
12,109121291,109209522,gain,Benign,88232
12,116014142,116019838,loss,Pathogenic,5697
12,116019418,116054358,loss,Pathogenic,34941
12,116093407,116167581,loss,Pathogenic,74175
12,133136361,133202431,gain,Benign,66071
12,133187321,133196807,gain,Benign,9487
13,19844993,19871321,gain,Benign,26329
13,19851311,19871180,gain,Benign,19870
13,23862543,23869499,loss,Pathogenic,6957
13,40805126,40805626,loss,Pathogenic,501
13,95311075,95364650,gain,Benign,53576
13,102645740,102650141,loss,Pathogenic,4402
13,113814432,113825457,gain,Benign,11026
13,114233086,114289238,gain,Benign,56153
14,18600315,18658127,loss,Benign,57813
14,19617023,19668967,gain,Benign,51945
14,19628843,19678394,loss,Benign,49552
14,19882763,19929543,loss,Benign,46781
14,20223236,20248615,gain,Benign,25380
14,20499771,20511908,gain,Benign,12138
14,20503116,20511908,gain,Benign,8793
14,20503116,20508997,gain,Benign,5882
14,27754886,27787614,gain,Benign,32729
14,36278291,36318687,loss,Benign,40397
14,67755963,67756032,loss,Pathogenic,70
14,80208612,80270377,loss,Benign,61766
14,87934712,87950768,loss,Pathogenic,16057
14,87965533,87965598,loss,Pathogenic,66
14,87968315,87968510,loss,Pathogenic,196
14,102438090,102438153,loss,Pathogenic,64
14,105471248,105491009,gain,Benign,19762
14,105491009,105530212,gain,Benign,39204
14,106329925,106354331,gain,Benign,24407
14,106450803,106475159,loss,Benign,24357
14,106623930,106696009,loss,Benign,72080
14,106623987,106678844,loss,Benign,54858
14,106678773,106774412,loss,Benign,95640
14,106685059,106774412,gain,Benign,89354
14,106689633,106781642,gain,Benign,92010
14,106692695,106777273,gain,Benign,84579
14,106692695,106713514,loss,Benign,20820
14,106692695,106771879,loss,Benign,79185
14,106692695,106766971,loss,Benign,74277
14,106692695,106774410,loss,Benign,81716
14,106692695,106771879,gain,Benign,79185
14,106692722,106713503,gain,Benign,20782
14,106692722,106704009,gain,Benign,11288
14,106692722,106774419,loss,Benign,81698
14,106692723,106771853,loss,Benign,79131
14,106699079,106774412,gain,Benign,75334
14,106704829,106771879,loss,Benign,67051
14,106704829,106774412,loss,Benign,69584
14,106707789,106774412,loss,Benign,66624
14,106707789,106771879,loss,Benign,64091
14,106781583,106806642,loss,Benign,25060
14,106850520,106862111,gain,Benign,11592
14,106850940,106861535,gain,Benign,10596
15,24436240,24493062,loss,Benign,56823
15,24833260,24869217,loss,Benign,35958
15,24873776,24921819,loss,Pathogenic,48044
15,25334870,25351819,gain,Pathogenic,16950
15,25337249,25405506,loss,Pathogenic,68258
15,25337273,25381835,loss,Pathogenic,44563
15,25339117,25409127,gain,Pathogenic,70011
15,25339117,25409127,loss,Pathogenic,70011
15,25339142,25339209,loss,Pathogenic,68
15,25339174,25339175,gain,Pathogenic,2
15,25354042,25357067,loss,Pathogenic,3026
15,25354333,25360547,loss,Pathogenic,6215
15,25360363,25360547,loss,Pathogenic,185
15,25375445,25375783,loss,Pathogenic,339
15,25414685,25505084,loss,Pathogenic,90400
15,28111211,28154050,gain,Benign,42840
15,34432012,34464800,gain,Benign,32789
15,43596729,43646649,loss,Benign,49921
15,43624774,43659103,loss,Benign,34330
15,43624774,43659103,gain,Benign,34330
15,43624774,43658522,loss,Benign,33749
15,43624777,43659119,loss,Benign,34343
15,48436038,48501606,gain,Pathogenic,65569
15,50923067,50925830,loss,Pathogenic,2764
15,53553175,53609466,loss,Benign,56292
15,57363807,57456076,gain,Benign,92270
15,72629028,72665084,gain,Benign,36057
15,75249521,75296694,loss,Benign,47174
15,75260306,75288287,gain,Benign,27982
15,75260306,75296694,gain,Benign,36389
15,75270060,75296694,gain,Benign,26635
15,89317465,89317466,gain,Pathogenic,2
15,89333098,89333203,loss,Pathogenic,106
15,90314432,90400522,gain,Benign,86091
15,92963659,93031241,loss,Pathogenic,67583
15,93262301,93346577,loss,Benign,84277
15,93607405,93674817,loss,Benign,67413
15,96330212,96332349,gain,Benign,2138
15,101395679,101452091,loss,Benign,56413
15,101621303,101711860,gain,Benign,90558
15,101666117,101723215,gain,Benign,57099
15,101694128,101723186,gain,Benign,29059
15,101875269,101962415,gain,Benign,87147
16,16203,32412,loss,Benign,16210
16,16203,32412,gain,Benign,16210
16,19193,32412,gain,Benign,13220
16,22569,32612,loss,Benign,10044
16,22769,32412,loss,Benign,9644
16,22769,32412,gain,Benign,9644
16,64296,135757,gain,Benign,71462
16,129081,168972,gain,Benign,39892
16,152250,165725,loss,Benign,13476
16,165500,183438,loss,Pathogenic,17939
16,165675,182685,loss,Pathogenic,17011
16,180542,181197,loss,Pathogenic,656
16,350651,396961,gain,Benign,46311
16,492760,565476,gain,Benign,72717
16,521803,558532,loss,Benign,36730
16,636673,722554,loss,Benign,85882
16,636673,722554,gain,Benign,85882
16,650260,722554,loss,Benign,72295
16,774069,813010,gain,Benign,38942
16,979282,985586,gain,Benign,6305
16,984540,986105,gain,Benign,1566
16,1754785,1816283,loss,Benign,61499
16,2025885,2088686,loss,Pathogenic,62802
16,2048587,2065635,loss,Pathogenic,17049
16,2048596,2074415,loss,Pathogenic,25820
16,2048596,2119398,loss,Pathogenic,70803
16,2048596,2106697,loss,Pathogenic,58102
16,2048596,2048773,loss,Pathogenic,178
16,2048610,2088616,loss,Pathogenic,40007
16,2048644,2081594,loss,Pathogenic,32951
16,2050380,2065655,gain,Pathogenic,15276
16,2050390,2050496,loss,Pathogenic,107
16,2053322,2057459,loss,Pathogenic,4138
16,2053322,2092208,loss,Pathogenic,38887
16,2053342,2060813,loss,Pathogenic,7472
16,2053366,2053418,loss,Pathogenic,53
16,2054441,2088710,loss,Pathogenic,34270
16,2055382,2119398,loss,Pathogenic,64017
16,2056176,2064447,loss,Pathogenic,8272
16,2056176,2074415,loss,Pathogenic,18240
16,2056989,2074645,loss,Pathogenic,17657
16,2060650,2065655,gain,Pathogenic,5006
16,2062399,2062970,loss,Pathogenic,572
16,2064389,2064519,loss,Pathogenic,131
16,2065519,2065635,loss,Pathogenic,117
16,2074199,2088611,gain,Pathogenic,14413
16,2075485,2078655,loss,Pathogenic,3171
16,2078999,2079169,loss,Pathogenic,171
16,2079012,2092208,loss,Pathogenic,13197
16,2081575,2104662,loss,Pathogenic,23088
16,2081589,2088616,loss,Pathogenic,7028
16,2081625,2081826,loss,Pathogenic,202
16,2083198,2087918,loss,Pathogenic,4721
16,2086173,2112493,loss,Pathogenic,26321
16,2086363,2086636,loss,Pathogenic,274
16,2088579,2088667,loss,Pathogenic,89
16,2496129,2500978,loss,Pathogenic,4850
16,2496785,2496936,loss,Pathogenic,152
16,3666035,3738579,loss,Pathogenic,72545
16,3680455,3741327,gain,Pathogenic,60873
16,3726714,3759009,loss,Pathogenic,32296
16,3850966,3884581,loss,Pathogenic,33616
16,3861794,3904192,loss,Pathogenic,42399
16,6305477,6373270,loss,Pathogenic,67794
16,8779459,8847845,loss,Pathogenic,68387
16,8797873,8813116,loss,Pathogenic,15244
16,8811069,8832245,loss,Pathogenic,21177
16,9849736,9849981,loss,Pathogenic,246
16,9890966,9891120,loss,Pathogenic,155
16,13922139,13957164,gain,Benign,35026
16,14564415,14586023,loss,Pathogenic,21609
16,14954924,15022520,loss,Benign,67597
16,15892203,15947682,gain,Benign,55480
16,16151468,16165427,loss,Benign,13960
16,16158812,16234042,gain,Benign,75231
16,30992801,31068051,loss,Pathogenic,75251
16,33570820,33641934,gain,Benign,71115
16,35305312,35375014,gain,Benign,69703
16,35786379,35834564,gain,Benign,48186
16,35786379,35804799,loss,Benign,18421
16,67065630,67074632,loss,Pathogenic,9003
16,70088002,70162852,gain,Benign,74851
16,70114858,70162852,gain,Benign,47995
16,78152047,78188346,loss,Pathogenic,36300
16,78624328,78711823,loss,Benign,87496
16,81017312,81042801,gain,Benign,25490
16,88440499,88524205,gain,Benign,83707
16,88662702,88719577,loss,Benign,56876
16,89154317,89195486,loss,Pathogenic,41170
16,89268458,89288690,loss,Pathogenic,20233
16,89268458,89317039,loss,Pathogenic,48582
16,89488930,89489611,loss,Pathogenic,682
16,89490208,89491988,loss,Pathogenic,1781
16,89582242,89623414,gain,Benign,41173
16,89582242,89635475,gain,Benign,53234
16,89582242,89593912,gain,Benign,11671
16,89593912,89623414,gain,Benign,29503
16,89688382,89690992,loss,Pathogenic,2611
17,246768,311632,gain,Benign,64865
17,266752,291920,loss,Benign,25169
17,342909,399401,gain,Benign,56493
17,2680132,2680191,loss,Pathogenic,60
17,3476179,3476364,loss,Pathogenic,186
17,3489225,3499098,loss,Pathogenic,9874
17,3489233,3489340,loss,Pathogenic,108
17,3624551,3655040,loss,Benign,30490
17,3637097,3657852,loss,Benign,20756
17,8117792,8126946,loss,Pathogenic,9155
17,15249474,15259215,loss,Pathogenic,9742
17,15734367,15770848,gain,Benign,36482
17,15745195,15770848,gain,Benign,25654
17,15776915,15793546,loss,Benign,16632
17,16787890,16819465,gain,Benign,31576
17,16793728,16819465,gain,Benign,25738
17,17726750,17797183,loss,Pathogenic,70434
17,19601336,19642767,loss,Benign,41432
17,19601336,19632996,loss,Benign,31661
17,27664946,27734947,gain,Benign,70002
17,29461486,29495582,loss,Pathogenic,34097
17,31206265,31261713,loss,Pathogenic,55449
17,31223174,31246335,loss,Pathogenic,23162
17,35358082,35427813,loss,Benign,69732
17,35360337,35411448,loss,Benign,51112
17,36500215,36550767,gain,Benign,50553
17,43046782,43125732,loss,Pathogenic,78951
17,46031456,46082562,loss,Pathogenic,51107
17,46050658,46055365,loss,Pathogenic,4708
17,46111105,46191358,gain,Benign,80254
17,47522632,47585157,gain,Benign,62526
17,67994397,68079905,gain,Benign,85509
17,72120958,72123189,gain,Benign,2232
17,72122288,72124232,gain,Benign,1945
17,81871533,81891511,gain,Benign,19979
17,83048767,83086618,gain,Benign,37852
18,14316,69754,loss,Benign,55439
18,14316,69754,gain,Benign,55439
18,1919684,1980786,loss,Benign,61103
18,1919684,1980786,gain,Benign,61103
18,14444783,14511926,gain,Benign,67144
18,14807930,14850047,gain,Benign,42118
18,14807930,14837136,gain,Benign,29207
18,31392177,31439972,loss,Benign,47796
18,47034029,47035526,gain,Benign,1498
18,76635470,76727820,gain,Benign,92351
18,80002403,80086862,gain,Benign,84460
19,61112,113418,loss,Benign,52307
19,61112,113418,gain,Benign,52307
19,74459,113418,loss,Benign,38960
19,74459,113418,gain,Benign,38960
19,91171,168688,gain,Benign,77518
19,91171,127601,gain,Benign,36431
19,91171,156185,gain,Benign,65015
19,91171,131425,gain,Benign,40255
19,127601,156185,gain,Benign,28585
19,293260,314516,gain,Benign,21257
19,1102684,1161676,gain,Benign,58993
19,1102684,1144297,gain,Benign,41614
19,1121304,1161676,gain,Benign,40373
19,1156372,1228333,loss,Pathogenic,71962
19,1228275,1282856,gain,Benign,54582
19,1239075,1282856,gain,Benign,43782
19,1911810,1952591,gain,Benign,40782
19,7150496,7152927,loss,Pathogenic,2432
19,7521736,7528169,loss,Pathogenic,6434
19,7521738,7528167,loss,Pathogenic,6430
19,7522731,7528277,loss,Pathogenic,5547
19,15692480,15713236,gain,Benign,20757
19,16892429,16926210,loss,Benign,33782
19,20447960,20499801,loss,Benign,51842
19,20458620,20536170,loss,Benign,77551
19,22213932,22261454,gain,Benign,47523
19,27799110,27839617,gain,Benign,40508
19,40942916,41005044,loss,Benign,62129
19,43185848,43253584,loss,Benign,67737
19,43187154,43241966,loss,Benign,54813
19,43187154,43253584,loss,Benign,66431
19,43204810,43253584,loss,Benign,48775
19,52295547,52386995,loss,Benign,91449
19,52824788,52849347,gain,Benign,24560
19,54152129,54161358,loss,Pathogenic,9230
19,58548841,58581203,gain,Benign,32363
20,80093,127625,gain,Benign,47533
20,80106,170967,gain,Benign,90862
20,590507,661733,gain,Benign,71227
20,3214674,3216579,loss,Pathogenic,1906
20,8215937,8276043,loss,Benign,60107
20,26148224,26244487,loss,Benign,96264
20,33002915,33065173,gain,Benign,62259
20,33864441,33941061,gain,Benign,76621
20,38280050,38320156,loss,Benign,40107
20,42438777,42478707,gain,Benign,39931
20,42596264,42683848,loss,Benign,87585
20,45722054,45741776,loss,Benign,19723
20,58665428,58669794,loss,Pathogenic,4367
20,58668511,58671488,loss,Pathogenic,2978
20,58850610,58851543,gain,Benign,934
20,58888479,58889699,gain,Benign,1221
20,62136723,62197472,gain,Benign,60750
20,63685560,63685637,loss,Pathogenic,78
20,64206685,64261836,loss,Pathogenic,55152
21,10336174,10379528,loss,Benign,43355
21,43058125,43065715,loss,Pathogenic,7591
21,43065428,43065429,gain,Pathogenic,2
21,46567187,46603068,gain,Benign,35882
22,16786503,16809385,gain,Benign,22883
22,17060782,17069747,gain,Benign,8966
22,18127193,18168847,gain,Benign,41655
22,18929329,19017259,loss,Pathogenic,87931
22,19758862,19762514,gain,Benign,3653
22,19765770,19769469,gain,Benign,3700
22,20039637,20075714,loss,Pathogenic,36078
22,20041466,20075200,loss,Pathogenic,33735
22,20041469,20075432,loss,Pathogenic,33964
22,20041612,20075431,loss,Pathogenic,33820
22,20048860,20058258,loss,Pathogenic,9399
22,20946002,20976899,gain,Pathogenic,30898
22,21033611,21107463,gain,Benign,73853
22,21046394,21107463,gain,Benign,61070
22,25330413,25403585,gain,Benign,73173
22,33754145,33786313,loss,Pathogenic,32169
22,37994092,38066784,loss,Pathogenic,72693
22,38134406,38141086,loss,Pathogenic,6681
22,38927584,38984034,loss,Benign,56451
22,38957661,39011489,loss,Benign,53829
22,38963107,38989480,loss,Benign,26374
22,41251925,41281290,gain,Benign,29366
22,49450335,49504768,loss,Benign,54434
22,50658268,50739836,loss,Pathogenic,81569
22,50694375,50780581,loss,Pathogenic,86207
2,148158424,148226279,loss,Pathogenic,67856
22,18906222,18936553,loss,Pathogenic,30332
22,18906375,18986158,loss,Pathogenic,79784
22,19755901,19766877,loss,Pathogenic,10977
22,19755901,19783042,loss,Pathogenic,27142
22,19755950,19759697,loss,Pathogenic,3748
22,19760928,19761123,loss,Pathogenic,196
1,42925375,42959176,loss,Pathogenic,33802
1,150512603,150513765,loss,Pathogenic,1163
1,150512606,150513768,loss,Pathogenic,1163
2,165985812,166009718,loss,Pathogenic,23907
2,166054638,166054766,loss,Pathogenic,129
4,123056367,123057308,loss,Pathogenic,942
4,123056387,123057288,loss,Pathogenic,902
5,126575400,126575484,loss,Pathogenic,85
5,126578639,126583937,loss,Pathogenic,5299
5,161882459,161882592,loss,Pathogenic,134
6,145686102,145686316,loss,Pathogenic,215
7,66638233,66639252,loss,Pathogenic,1020
7,146116001,146116993,loss,Pathogenic,993
7,147043887,147044074,loss,Pathogenic,188
7,147132225,147132529,loss,Pathogenic,305
7,147300141,147395780,loss,Pathogenic,95640
8,18051554,18107050,loss,Pathogenic,55497
8,18065861,18075330,loss,Pathogenic,9470
9,6550783,6620339,loss,Pathogenic,69557
9,6550793,6610366,loss,Pathogenic,59574
9,6558539,6565449,loss,Pathogenic,6911
9,6565334,6610376,loss,Pathogenic,45043
9,6565334,6565449,gain,Pathogenic,116
9,6588613,6588744,loss,Pathogenic,132
9,6594994,6620339,loss,Pathogenic,25346
9,6610172,6645519,loss,Pathogenic,35348
9,6644594,6645519,loss,Pathogenic,926
9,6644604,6645509,loss,Pathogenic,906
9,135563800,135566800,loss,Pathogenic,3001
10,93704377,93785620,loss,Pathogenic,81244
15,26567561,26629023,loss,Pathogenic,61463
16,98125,100529,loss,Pathogenic,2405
16,100352,100529,loss,Pathogenic,178
16,130502,138287,loss,Pathogenic,7786
16,130502,130611,loss,Pathogenic,110
16,578765,579200,loss,Pathogenic,436
16,4797440,4802591,loss,Pathogenic,5152
16,4802519,4802574,loss,Pathogenic,56
16,28485965,28486930,loss,Pathogenic,966
16,29813035,29814658,loss,Pathogenic,1624
16,29813045,29814648,loss,Pathogenic,1604
16,29813055,29904965,loss,Pathogenic,91911
16,30996672,31010406,loss,Pathogenic,13735
16,30997379,30997516,loss,Pathogenic,138
16,31000908,31001623,loss,Pathogenic,716
16,78164163,78164309,loss,Pathogenic,147
16,78164199,78164200,gain,Pathogenic,2
16,78318746,78386940,gain,Pathogenic,68195
16,78386840,78432772,loss,Pathogenic,45933
16,78386840,78386968,loss,Pathogenic,129
16,78424850,78425075,loss,Pathogenic,226
16,79211588,79211816,loss,Pathogenic,229
17,63702088,63709391,loss,Pathogenic,7304
20,435480,448074,loss,Pathogenic,12595
20,63384457,63433124,loss,Pathogenic,48668
20,63406624,63472483,loss,Pathogenic,65860
20,63413450,63415126,loss,Pathogenic,1677
22,31754902,31815232,loss,Pathogenic,60331
22,31758526,31758653,loss,Pathogenic,128
22,31764955,31766688,loss,Pathogenic,1734
22,31804142,31810661,loss,Pathogenic,6520
22,31809591,31815232,loss,Pathogenic,5642
1,242366167,242391262,loss,Benign,25096
2,73601366,73673202,loss,Pathogenic,71837
3,113857357,113901499,loss,Benign,44143
3,151796802,151856498,loss,Benign,59697
4,68626601,68646936,loss,Benign,20336
5,32107275,32159411,gain,Benign,52137
5,97712762,97763616,loss,Benign,50855
6,78263214,78319651,loss,Benign,56438
8,16081832,16163959,loss,Benign,82128
9,103003183,103053220,loss,Benign,50038
10,3105924,3160299,loss,Benign,54376
10,94739953,94797578,loss,Benign,57626
10,105858290,105922247,loss,Benign,63958
11,56357174,56358386,loss,Benign,1213
11,134495568,134569379,loss,Benign,73812
16,12595039,12636793,loss,Benign,41755
16,81216324,81270286,loss,Benign,53963
18,1898847,1963416,loss,Benign,64570
20,14801038,14842826,loss,Benign,41789
1,215728093,215728199,loss,Pathogenic,107
1,215867007,215867170,loss,Pathogenic,164
1,215888426,215900905,loss,Pathogenic,12480
1,216292165,216327664,loss,Pathogenic,35500
1,226963276,227007955,loss,Pathogenic,44680
2,227041784,227043454,loss,Pathogenic,1671
2,227094122,227094173,loss,Pathogenic,52
2,227253607,227253694,loss,Pathogenic,88
3,4449256,4467255,loss,Pathogenic,18000
3,8733867,8745877,loss,Pathogenic,12011
3,10052377,10149975,loss,Pathogenic,97599
3,10064723,10149971,loss,Pathogenic,85249
3,10133996,10152871,loss,Pathogenic,18876
3,10135114,10142438,loss,Pathogenic,7325
3,10135115,10143541,loss,Pathogenic,8427
3,10137022,10145477,loss,Pathogenic,8456
3,10137102,10143357,loss,Pathogenic,6256
3,10139208,10148941,loss,Pathogenic,9734
3,10139686,10142384,loss,Pathogenic,2699
3,10139754,10142452,loss,Pathogenic,2699
3,10140630,10148396,loss,Pathogenic,7767
3,10140721,10142518,loss,Pathogenic,1798
3,10141520,10142607,loss,Pathogenic,1088
3,10141635,10153670,loss,Pathogenic,12036
3,10141635,10142187,loss,Pathogenic,553
3,10141838,10142197,loss,Pathogenic,360
3,10141838,10149975,loss,Pathogenic,8138
3,10142363,10148331,loss,Pathogenic,5969
3,10142460,10147125,loss,Pathogenic,4666
3,10142476,10148578,loss,Pathogenic,6103
3,10142535,10148861,loss,Pathogenic,6327
3,10142572,10148541,loss,Pathogenic,5970
3,10142625,10148594,loss,Pathogenic,5970
3,10143179,10152296,loss,Pathogenic,9118
3,10143199,10147079,loss,Pathogenic,3881
3,10143697,10148563,loss,Pathogenic,4867
3,10143767,10148310,loss,Pathogenic,4544
3,10144653,10148455,loss,Pathogenic,3803
3,10144931,10148310,loss,Pathogenic,3380
3,10145104,10153338,loss,Pathogenic,8235
3,10145119,10153353,loss,Pathogenic,8235
3,10145560,10148766,loss,Pathogenic,3207
3,10145580,10153151,loss,Pathogenic,7572
3,10146221,10149159,loss,Pathogenic,2939
3,10146458,10152773,loss,Pathogenic,6316
3,10146504,10146646,loss,Pathogenic,143
3,10146504,10149975,loss,Pathogenic,3472
3,10146508,10149971,loss,Pathogenic,3464
3,10146514,10146636,loss,Pathogenic,123
3,10147055,10150936,loss,Pathogenic,3882
3,10147609,10152733,loss,Pathogenic,5125
3,10148430,10158263,loss,Pathogenic,9834
3,10148526,10158361,loss,Pathogenic,9836
3,10148558,10152733,loss,Pathogenic,4176
3,10148567,10158402,loss,Pathogenic,9836
3,10149777,10149975,loss,Pathogenic,199
3,10149787,10153670,loss,Pathogenic,3884
3,10149787,10149965,loss,Pathogenic,179
3,46694176,46703459,loss,Pathogenic,9284
3,58100831,58107262,loss,Pathogenic,6432
3,58122739,58128905,loss,Pathogenic,6167
3,136246207,136254258,loss,Pathogenic,8052
3,136250366,136250568,loss,Pathogenic,203
4,1002722,1004403,loss,Pathogenic,1682
5,37016065,37016066,gain,Pathogenic,2
5,37038582,37038758,loss,Pathogenic,177
5,37044327,37049321,loss,Pathogenic,4995
5,90657905,90658278,loss,Pathogenic,374
5,150387882,150399068,loss,Pathogenic,11187
6,296674,339802,loss,Benign,43129
6,1610150,1612452,loss,Pathogenic,2303
6,1610426,1612841,loss,Pathogenic,2416
6,1610445,1612107,loss,Pathogenic,1663
6,1610446,1613897,loss,Pathogenic,3452
6,1611234,1611235,gain,Pathogenic,2
6,42968879,42968947,loss,Pathogenic,69
6,42978666,42978724,loss,Pathogenic,59
6,43607987,43611911,loss,Pathogenic,3925
6,133462764,133467609,loss,Pathogenic,4846
7,92489273,92491522,loss,Pathogenic,2250
7,92504739,92504897,loss,Pathogenic,159
7,92513848,92513967,loss,Pathogenic,120
7,94395012,94395818,loss,Pathogenic,807
7,94395012,94399104,loss,Pathogenic,4093
7,94405490,94406543,loss,Pathogenic,1054
7,94407827,94408843,gain,Pathogenic,1017
7,94407827,94408400,gain,Pathogenic,574
7,94418883,94423298,loss,Pathogenic,4416
7,138715598,138715942,loss,Pathogenic,345
7,150944956,150959736,loss,Pathogenic,14781
7,150944956,150978314,loss,Pathogenic,33359
7,150946809,150947013,loss,Pathogenic,205
7,150947389,150947390,gain,Pathogenic,2
7,150950249,150950386,loss,Pathogenic,138
7,150951346,150951673,loss,Pathogenic,328
7,150952510,150952562,loss,Pathogenic,53
7,150955988,150958464,loss,Pathogenic,2477
7,150959552,150959756,loss,Pathogenic,205
7,150959562,150959746,loss,Pathogenic,185
7,150974691,150977933,loss,Pathogenic,3243
8,43170628,43170686,loss,Pathogenic,59
8,60804041,60808530,loss,Pathogenic,4490
8,71244583,71322288,loss,Pathogenic,77706
8,116848747,116849413,loss,Pathogenic,667
9,136198197,136201283,loss,Pathogenic,3087
10,53903243,53903370,loss,Pathogenic,128
10,54079425,54153099,loss,Pathogenic,73675
10,71731987,71734281,loss,Pathogenic,2295
11,2527908,2528038,loss,Pathogenic,131
11,2570608,2573006,loss,Pathogenic,2399
11,2570628,2572986,loss,Pathogenic,2359
11,2583415,2588874,loss,Pathogenic,5460
11,2583435,2583545,loss,Pathogenic,111
11,2585212,2587692,loss,Pathogenic,2481
11,2775954,2777038,loss,Pathogenic,1085
11,2775960,2777032,loss,Pathogenic,1073
11,112086898,112094980,loss,Pathogenic,8083
12,47984940,47985026,loss,Pathogenic,87
12,80278170,80336529,loss,Pathogenic,58360
12,80367490,80378127,loss,Pathogenic,10638
12,100492476,100524210,loss,Pathogenic,31735
13,100111821,100112081,loss,Pathogenic,261
13,100111831,100112071,loss,Pathogenic,241
13,100330541,100368594,loss,Pathogenic,38054
13,100527665,100530447,loss,Pathogenic,2783
14,106692695,106781642,loss,Benign,88948
15,43596729,43659103,loss,Pathogenic,62375
15,43599438,43613711,loss,Pathogenic,14274
15,43600534,43605399,loss,Pathogenic,4866
15,43600534,43601014,loss,Pathogenic,481
15,43600750,43603601,loss,Pathogenic,2852
15,43601395,43609334,loss,Pathogenic,7940
15,43637076,43639062,loss,Pathogenic,1987
15,43638998,43639062,loss,Pathogenic,65
15,43890333,43940887,loss,Pathogenic,50555
15,43890333,43893072,loss,Pathogenic,2740
15,43890333,43897714,loss,Pathogenic,7382
16,3748048,3753275,loss,Pathogenic,5228
16,3749607,3771006,gain,Pathogenic,21400
16,3767700,3767929,gain,Pathogenic,230
16,3780712,3781326,loss,Pathogenic,615
16,3818098,3858843,loss,Pathogenic,40746
16,3879832,3880120,loss,Pathogenic,289
16,3879832,3879939,loss,Pathogenic,108
16,13920156,13948357,loss,Pathogenic,28202
16,13923372,13929027,loss,Pathogenic,5656
16,13928022,13928241,loss,Pathogenic,220
16,21678469,21736448,loss,Pathogenic,57980
16,21678515,21760540,loss,Pathogenic,82026
16,21736261,21736390,loss,Pathogenic,130
16,88814419,88856897,loss,Pathogenic,42479
16,88840972,88842849,loss,Pathogenic,1878
16,88856738,88856897,loss,Pathogenic,160
16,89508408,89508610,loss,Pathogenic,203
16,89510470,89513057,gain,Pathogenic,2588
16,89529457,89529599,loss,Pathogenic,143
17,18162687,18167722,loss,Pathogenic,5036
17,50185819,50185820,gain,Pathogenic,2
17,50190267,50190819,loss,Pathogenic,553
17,50194147,50201244,gain,Pathogenic,7098
17,50195583,50195584,gain,Pathogenic,2
17,50199758,50199854,loss,Pathogenic,97
17,80214658,80215427,loss,Pathogenic,770
17,80217047,80217103,loss,Pathogenic,57
18,57661293,57661381,loss,Pathogenic,89
18,57694823,57694824,gain,Pathogenic,2
18,57729418,57735846,loss,Pathogenic,6429
18,79973685,79977597,loss,Pathogenic,3913
19,12656561,12661386,loss,Pathogenic,4826
20,761006,765794,loss,Pathogenic,4789
20,25383675,25397545,loss,Pathogenic,13871
20,25387765,25393168,loss,Pathogenic,5404
22,29600322,29604002,loss,Pathogenic,3681
22,29602212,29610711,loss,Pathogenic,8500
22,29603989,29604122,loss,Pathogenic,134
22,29603989,29681611,loss,Pathogenic,77623
22,29636741,29639222,loss,Pathogenic,2482
22,29636741,29661349,loss,Pathogenic,24609
22,29642196,29642291,loss,Pathogenic,96
22,29655496,29655639,loss,Pathogenic,144
22,29668327,29678329,loss,Pathogenic,10003
22,29673259,29673496,loss,Pathogenic,238
22,37973495,37974198,loss,Pathogenic,704
22,41092585,41117186,loss,Pathogenic,24602
22,41141223,41166598,gain,Pathogenic,25376
22,41154975,41164150,loss,Pathogenic,9176
22,50625125,50627799,loss,Pathogenic,2675
22,50626226,50626302,loss,Pathogenic,77
22,50627296,50627362,loss,Pathogenic,67
1,2229402,2229659,loss,Pathogenic,258
1,3815382,3852427,loss,Pathogenic,37046
1,16991222,16993187,loss,Pathogenic,1966
1,26779837,26779897,loss,Pathogenic,61
1,46190463,46190794,loss,Pathogenic,332
1,156875018,156876398,loss,Pathogenic,1381
1,156881481,156881536,loss,Pathogenic,56
1,197122837,197144681,loss,Pathogenic,21845
1,244051186,244055631,loss,Pathogenic,4446
2,44307367,44316296,loss,Pathogenic,8930
2,110123336,110205062,loss,Pathogenic,81727
2,144399034,144399035,gain,Pathogenic,2
2,144517258,144517420,loss,Pathogenic,163
2,144517278,144517419,loss,Pathogenic,142
2,201618900,201647825,loss,Pathogenic,28926
2,240717344,240769726,gain,Benign,52383
2,240783452,240788943,loss,Pathogenic,5492
2,241914437,242005889,loss,Benign,91453
2,242011396,242065208,loss,Benign,53813
3,9435882,9435962,loss,Pathogenic,81
3,172511598,172523485,loss,Benign,11888
4,15478723,15480827,loss,Pathogenic,2105
4,112647352,112648099,loss,Pathogenic,748
6,117676084,117694030,loss,Pathogenic,17947
6,131576653,131583918,loss,Pathogenic,7266
6,135429882,135433256,loss,Pathogenic,3375
6,135457583,135465286,loss,Pathogenic,7704
6,145686121,145686295,loss,Pathogenic,175
8,67172404,67172563,loss,Pathogenic,160
8,115603853,115623657,gain,Pathogenic,19805
9,2621793,2654485,loss,Pathogenic,32693
9,20380587,20478578,loss,Pathogenic,97992
9,94639141,94639310,loss,Pathogenic,170
9,105640632,105641104,loss,Pathogenic,473
9,105721899,105741297,loss,Pathogenic,19399
10,103094753,103096718,loss,Pathogenic,1966
10,133445115,133536219,loss,Benign,91105
11,71444120,71444215,loss,Pathogenic,96
12,88049381,88085170,loss,Pathogenic,35790
12,88130289,88130340,loss,Pathogenic,52
12,102840516,102851686,loss,Pathogenic,11171
12,102851253,102856067,loss,Pathogenic,4815
12,102854489,102855289,loss,Pathogenic,801
12,102854491,102855289,loss,Pathogenic,799
12,102855126,102855342,loss,Pathogenic,217
12,102855175,102855351,loss,Pathogenic,177
12,102865713,102871066,loss,Pathogenic,5354
12,102866370,102868040,loss,Pathogenic,1671
12,102866576,102866683,loss,Pathogenic,108
12,102866595,102866662,loss,Pathogenic,68
12,102894715,102894938,loss,Pathogenic,224
12,102894735,102894918,loss,Pathogenic,184
12,102917061,102917140,loss,Pathogenic,80
13,110168320,110172666,loss,Pathogenic,4347
14,45002867,45015056,loss,Pathogenic,12190
14,58443934,58450766,loss,Pathogenic,6833
14,105463515,105530212,gain,Benign,66698
15,42349336,42378932,loss,Pathogenic,29597
15,42359500,42412317,loss,Pathogenic,52818
15,42359796,42411783,loss,Pathogenic,51988
15,42359796,42399662,loss,Pathogenic,39867
15,42359796,42360124,loss,Pathogenic,329
15,42389933,42411793,loss,Pathogenic,21861
15,42394246,42394351,loss,Pathogenic,106
15,42396802,42396853,loss,Pathogenic,52
15,42399529,42399530,gain,Pathogenic,2
15,44569956,44578278,loss,Pathogenic,8323
15,44570505,44575061,loss,Pathogenic,4557
15,44570525,44575041,loss,Pathogenic,4517
15,44570525,44570658,loss,Pathogenic,134
15,44572663,44575061,loss,Pathogenic,2399
15,44572673,44575051,loss,Pathogenic,2379
15,44589252,44633637,gain,Pathogenic,44386
15,44595239,44600652,loss,Pathogenic,5414
16,9763108,9769129,loss,Pathogenic,6022
16,75539974,75545515,loss,Pathogenic,5542
17,58216280,58216422,loss,Pathogenic,143
18,7038809,7050936,loss,Pathogenic,12128
19,13919514,13923103,loss,Pathogenic,3590
19,22071063,22118991,loss,Benign,47929
19,33387843,33388624,loss,Pathogenic,782
19,42198610,42249880,loss,Pathogenic,51271
20,36898545,36951644,loss,Pathogenic,53100
20,36904137,36912572,loss,Pathogenic,8436
20,36948745,36957728,loss,Pathogenic,8984
20,36951416,36951663,loss,Pathogenic,248
20,36951426,36951653,loss,Pathogenic,228
21,46228666,46229004,loss,Pathogenic,339
1,39428731,39468327,loss,Pathogenic,39597
7,16361566,16391969,loss,Pathogenic,30404
17,2592886,2609006,loss,Pathogenic,16121
1,241497557,241504245,loss,Pathogenic,6689
1,241497557,241519785,loss,Pathogenic,22229
1,241497818,241519732,loss,Pathogenic,21915
1,241497818,241504255,loss,Pathogenic,6438
1,241505997,241506174,loss,Pathogenic,178
1,241519585,241519728,loss,Pathogenic,144
5,69509142,69514109,loss,Pathogenic,4968
10,68989259,69005731,loss,Pathogenic,16473
15,24952617,24961886,loss,Pathogenic,9270
9,4406529,4490826,loss,Pathogenic,84298
22,18913155,18936307,loss,Pathogenic,23153
1,53210584,53210843,loss,Pathogenic,260
1,53211118,53211683,loss,Pathogenic,566
1,75761102,75762783,loss,Pathogenic,1682
1,119049233,119085332,loss,Pathogenic,36100
2,165365123,165389844,loss,Pathogenic,24722
2,227717535,227722344,loss,Pathogenic,4810
3,48883996,48884123,loss,Pathogenic,128
3,167618839,167688627,loss,Pathogenic,69789
3,167684288,167720177,loss,Pathogenic,35890
3,167720138,167727696,loss,Pathogenic,7559
5,74685241,74697126,loss,Pathogenic,11886
5,74685251,74697116,loss,Pathogenic,11866
5,74685261,74697106,loss,Pathogenic,11846
5,74695284,74702264,loss,Pathogenic,6981
5,151253197,151267660,loss,Pathogenic,14464
6,10875891,10881865,loss,Pathogenic,5975
7,2544889,2554451,loss,Pathogenic,9563
7,2554285,2554451,loss,Pathogenic,167
7,2554305,2554431,loss,Pathogenic,127
7,22960887,22964970,loss,Pathogenic,4084
7,45027705,45086112,loss,Pathogenic,58408
7,45038253,45076470,loss,Pathogenic,38218
7,92201226,92201365,loss,Pathogenic,140
7,92213175,92242155,loss,Pathogenic,28981
7,92225700,92226702,loss,Pathogenic,1003
7,92240973,92242155,loss,Pathogenic,1183
7,96277276,96277401,loss,Pathogenic,126
9,77390734,77428010,loss,Pathogenic,37277
9,101426458,101431155,loss,Pathogenic,4698
9,101426493,101432940,loss,Pathogenic,6448
9,130452214,130454383,loss,Pathogenic,2170
9,130458401,130458589,loss,Pathogenic,189
9,130464091,130464187,loss,Pathogenic,97
9,137814351,137814483,loss,Pathogenic,133
10,93699998,93702917,loss,Pathogenic,2920
11,112093691,112095868,loss,Pathogenic,2178
11,119028174,119029389,loss,Pathogenic,1216
14,66879919,66880053,loss,Pathogenic,135
16,74712955,74740022,loss,Pathogenic,27068
16,78099413,78164289,loss,Pathogenic,64877
16,87891297,87895375,loss,Pathogenic,4079
17,8173377,8173658,loss,Pathogenic,282
17,42901031,42901032,gain,Pathogenic,2
17,43062458,43141043,loss,Pathogenic,78586
18,62088736,62143366,loss,Pathogenic,54631
18,62152637,62157701,loss,Pathogenic,5065
18,62152638,62157701,loss,Pathogenic,5064
18,62154349,62157706,loss,Pathogenic,3358
18,62154545,62157808,loss,Pathogenic,3264
20,3214641,3216515,loss,Pathogenic,1875
20,63406624,63439728,loss,Pathogenic,33105
20,63472148,63528152,loss,Pathogenic,56005
2,176075289,176156257,loss,Pathogenic,80969
7,114285105,114294372,loss,Benign,9268
22,38169198,38169446,loss,Pathogenic,249
2,110123182,110205164,loss,Pathogenic,81983
2,110123771,110204988,gain,Benign,81218
2,110123771,110204988,loss,Pathogenic,81218
2,110123791,110204968,loss,Pathogenic,81178
2,110163048,110204968,loss,Pathogenic,41921
9,100104498,100104627,loss,Pathogenic,130
9,100126363,100126569,loss,Pathogenic,207
22,41274438,41288800,loss,Pathogenic,14363
15,38299373,38357249,loss,Pathogenic,57877
16,3750305,3769722,gain,Pathogenic,19418
2,32122576,32129488,loss,Pathogenic,6913
1,62505696,62514584,loss,Pathogenic,8889
2,166002535,166007766,loss,Pathogenic,5232
2,166043690,166051295,loss,Pathogenic,7606
2,166051317,166052891,loss,Pathogenic,1575
2,166051860,166051968,loss,Pathogenic,109
2,166073317,166073548,loss,Pathogenic,232
2,171833866,171844606,loss,Pathogenic,10741
3,50503247,50503317,loss,Pathogenic,71
9,127658355,127658471,loss,Pathogenic,117
9,127659781,127677280,gain,Pathogenic,17500
9,127669827,127669898,loss,Pathogenic,72
9,127669878,127669978,loss,Pathogenic,101
9,128613381,128613485,loss,Pathogenic,105
9,128632127,128640939,loss,Pathogenic,8813
12,51662798,51688869,loss,Pathogenic,26072
12,51684154,51701227,loss,Pathogenic,17074
12,51774204,51774205,gain,Pathogenic,2
15,82674432,82676882,loss,Pathogenic,2451
16,78099236,78100272,loss,Pathogenic,1037
16,78342602,78424602,loss,Pathogenic,82001
16,78375608,78407230,loss,Pathogenic,31623
16,78423091,78429743,loss,Pathogenic,6653
17,6690682,6696039,loss,Pathogenic,5358
19,13275830,13277148,loss,Pathogenic,1319
19,13303536,13307864,loss,Pathogenic,4329
19,13359586,13359819,loss,Pathogenic,234
19,49861779,49861867,loss,Pathogenic,89
20,63406886,63407264,loss,Pathogenic,379
20,63419599,63439728,loss,Pathogenic,20130
20,63428347,63433923,loss,Pathogenic,5577
20,63428347,63497783,loss,Pathogenic,69437
20,63431320,63433923,loss,Pathogenic,2604
21,43416722,43417794,gain,Benign,1073
2,21001710,21035728,loss,Pathogenic,34019
16,16151251,16167673,loss,Pathogenic,16423
19,11077742,11093630,loss,Pathogenic,15889
19,11087726,11100911,loss,Pathogenic,13186
19,11089319,11089458,loss,Pathogenic,140
19,11089362,11107515,loss,Pathogenic,18154
19,11089362,11089616,loss,Pathogenic,255
19,11089362,11100346,loss,Pathogenic,10985
19,11089362,11089615,loss,Pathogenic,254
19,11089529,11100365,loss,Pathogenic,10837
19,11089616,11110651,loss,Pathogenic,21036
19,11089616,11105219,loss,Pathogenic,15604
19,11093583,11107810,gain,Pathogenic,14228
19,11094376,11107060,loss,Pathogenic,12685
19,11100203,11107534,loss,Pathogenic,7332
19,11100203,11111659,gain,Pathogenic,11457
19,11100203,11102806,loss,Pathogenic,2604
19,11100213,11102796,loss,Pathogenic,2584
19,11100213,11117013,loss,Pathogenic,16801
19,11100213,11107528,loss,Pathogenic,7316
19,11100222,11102787,loss,Pathogenic,2566
19,11100222,11107515,loss,Pathogenic,7294
19,11100223,11100345,loss,Pathogenic,123
19,11100346,11113277,loss,Pathogenic,12932
19,11101329,11118932,loss,Pathogenic,17604
19,11101929,11106607,loss,Pathogenic,4679
19,11102145,11108138,loss,Pathogenic,5994
19,11102644,11107534,loss,Pathogenic,4891
19,11102663,11107515,loss,Pathogenic,4853
19,11102727,11102983,loss,Pathogenic,257
19,11105200,11107534,loss,Pathogenic,2335
19,11105200,11111659,gain,Pathogenic,6460
19,11105210,11107528,loss,Pathogenic,2319
19,11105598,11106563,loss,Pathogenic,966
19,11106187,11108551,loss,Pathogenic,2365
19,11106494,11114129,loss,Pathogenic,7636
19,11106564,11107515,loss,Pathogenic,952
19,11217360,11218068,loss,Pathogenic,709
19,11107515,11113277,loss,Pathogenic,5763
19,11107686,11138384,loss,Pathogenic,30699
19,11110330,11121805,loss,Pathogenic,11476
19,11110613,11111650,loss,Pathogenic,1038
19,11110632,11117018,loss,Pathogenic,6387
19,11110652,11110771,loss,Pathogenic,120
19,11110765,11111517,loss,Pathogenic,753
19,11111494,11113782,loss,Pathogenic,2289
19,11111504,11117013,loss,Pathogenic,5510
19,11111586,11111651,loss,Pathogenic,66
19,11112339,11122629,loss,Pathogenic,10291
19,11113109,11127218,loss,Pathogenic,14110
19,11113258,11117018,gain,Pathogenic,3761
19,11113272,11120528,loss,Pathogenic,7257
19,11113278,11133830,loss,Pathogenic,20553
19,11113287,11123237,loss,Pathogenic,9951
19,11113691,11114099,loss,Pathogenic,409
19,11116074,11117018,loss,Pathogenic,945
19,11116074,11131359,loss,Pathogenic,15286
19,11116084,11120608,loss,Pathogenic,4525
19,11116093,11116999,loss,Pathogenic,907
19,11116849,11120608,loss,Pathogenic,3760
19,11117893,11122656,loss,Pathogenic,4764
19,11120072,11120608,loss,Pathogenic,537
19,11120082,11120608,loss,Pathogenic,527
19,11120082,11129680,gain,Pathogenic,9599
19,11120091,11120523,loss,Pathogenic,433
19,11120091,11123345,loss,Pathogenic,3255
19,11120092,11123344,loss,Pathogenic,3253
19,11120092,11120522,gain,Pathogenic,431
19,11120136,11124405,loss,Pathogenic,4270
19,11120137,11124409,loss,Pathogenic,4273
19,11120318,11120388,loss,Pathogenic,71
19,11123154,11131359,loss,Pathogenic,8206
19,11123172,11123342,loss,Pathogenic,171
19,11123265,11123323,loss,Pathogenic,59
19,11123590,11132124,loss,Pathogenic,8535
19,11127988,11128105,loss,Pathogenic,118
19,11127998,11128095,loss,Pathogenic,98
19,11128007,11133830,loss,Pathogenic,5824
19,11129503,11131359,loss,Pathogenic,1857
19,11129512,11133830,loss,Pathogenic,4319
19,11129513,11133830,loss,Pathogenic,4318
19,11227535,11231415,loss,Pathogenic,3881
20,46709717,46733854,loss,Pathogenic,24138
1,7969325,7969424,loss,Pathogenic,100
1,16991714,16992601,loss,Pathogenic,888
1,20646970,20651572,loss,Pathogenic,4603
1,155235750,155235804,loss,Pathogenic,55
6,161548854,161569416,loss,Pathogenic,20563
6,161569335,161569436,loss,Pathogenic,102
6,161785752,161785928,gain,Pathogenic,177
6,161785772,161785908,loss,Pathogenic,137
6,161973282,162054194,gain,Pathogenic,80913
6,162201111,162262785,loss,Pathogenic,61675
6,162201111,162201272,loss,Pathogenic,162
6,162201131,162201252,loss,Pathogenic,122
6,162262505,162262785,gain,Pathogenic,281
6,162262505,162262785,loss,Pathogenic,281
6,162443290,162443493,gain,Pathogenic,204
6,162443310,162443473,loss,Pathogenic,164
2,47403187,47404265,loss,Pathogenic,1079
2,47410236,47410237,gain,Pathogenic,2
2,47803626,47803690,loss,Pathogenic,65
5,112754889,112756849,loss,Pathogenic,1961
5,112754889,112763423,loss,Pathogenic,8535
7,5986759,5995633,loss,Pathogenic,8875
7,5989094,5990251,loss,Pathogenic,1158
7,5995534,5999275,loss,Pathogenic,3742
16,2046198,2046283,loss,Pathogenic,86
17,43057050,43057136,loss,Pathogenic,87
22,23787164,23834186,loss,Pathogenic,47023
22,23793553,23793694,loss,Pathogenic,142
22,23816405,23816406,gain,Pathogenic,2
17,31094927,31182665,loss,Pathogenic,87739
17,31094927,31095369,loss,Pathogenic,443
17,31095300,31095379,loss,Pathogenic,80
17,31095304,31156132,loss,Pathogenic,60829
17,31139668,31163475,loss,Pathogenic,23808
17,31143895,31157059,loss,Pathogenic,13165
17,31150794,31157725,loss,Pathogenic,6932
17,31155977,31163382,loss,Pathogenic,7406
17,31157689,31162205,loss,Pathogenic,4517
17,31161949,31173322,loss,Pathogenic,11374
17,31162015,31184628,gain,Pathogenic,22614
17,31162230,31174996,loss,Pathogenic,12767
17,31162236,31173040,loss,Pathogenic,10805
17,31163186,31169997,loss,Pathogenic,6812
17,31163186,31163376,loss,Pathogenic,191
17,31166902,31173442,loss,Pathogenic,6541
17,31173096,31205195,loss,Pathogenic,32100
17,31179653,31184518,loss,Pathogenic,4866
17,31188180,31204605,loss,Pathogenic,16426
17,31192315,31205962,loss,Pathogenic,13648
17,31199528,31205956,loss,Pathogenic,6429
17,31199965,31200437,loss,Pathogenic,473
17,31200402,31265359,loss,Pathogenic,64958
17,31200412,31265349,loss,Pathogenic,64938
17,31200412,31206381,loss,Pathogenic,5970
17,31200416,31206377,loss,Pathogenic,5962
17,31200422,31265339,loss,Pathogenic,64918
17,31206074,31206280,loss,Pathogenic,207
17,31211122,31242607,loss,Pathogenic,31486
17,31211797,31218111,loss,Pathogenic,6315
17,31212546,31226769,gain,Pathogenic,14224
17,31215028,31234850,gain,Pathogenic,19823
17,31216093,31220254,loss,Pathogenic,4162
17,31218043,31223481,loss,Pathogenic,5439
17,31219274,31246762,loss,Pathogenic,27489
17,31224104,31262188,loss,Pathogenic,38085
17,31229330,31229331,gain,Pathogenic,2
17,31229679,31229680,gain,Pathogenic,2
17,31229825,31265349,loss,Pathogenic,35525
17,31232063,31249129,loss,Pathogenic,17067
17,31232938,31267978,gain,Pathogenic,35041
17,31233811,31281563,loss,Pathogenic,47753
17,31234629,31238691,loss,Pathogenic,4063
17,31260349,31265359,gain,Pathogenic,5011
17,31261711,31340645,loss,Pathogenic,78935
17,31261721,31261795,loss,Pathogenic,75
17,31264832,31311558,loss,Pathogenic,46727
17,31303259,31336861,loss,Pathogenic,33603
17,31324223,31351572,gain,Pathogenic,27350
17,31325800,31374175,loss,Pathogenic,48376
17,31325800,31360723,loss,Pathogenic,34924
17,31325810,31374165,loss,Pathogenic,48356
17,31325814,31374161,loss,Pathogenic,48348
17,31325814,31338145,loss,Pathogenic,12332
17,31325988,31346219,loss,Pathogenic,20232
17,31327455,31327518,loss,Pathogenic,64
17,31327499,31327839,loss,Pathogenic,341
17,31328175,31335275,loss,Pathogenic,7101
17,31330687,31341680,loss,Pathogenic,10994
17,31331248,31335275,loss,Pathogenic,4028
17,31333750,31335273,loss,Pathogenic,1524
17,31334377,31335274,loss,Pathogenic,898
17,31334463,31336156,loss,Pathogenic,1694
17,31334559,31359035,loss,Pathogenic,24477
17,31334828,31335041,loss,Pathogenic,214
17,31334832,31335037,loss,Pathogenic,206
17,31335479,31348706,loss,Pathogenic,13228
17,31336386,31336530,loss,Pathogenic,145
17,31337860,31337924,loss,Pathogenic,65
17,31338140,31338709,loss,Pathogenic,570
17,31342510,31358001,loss,Pathogenic,15492
17,31343009,31343135,loss,Pathogenic,127
17,31349165,31349582,loss,Pathogenic,418
17,31349632,31357322,loss,Pathogenic,7691
17,31351631,31353123,loss,Pathogenic,1493
17,31357346,31368485,loss,Pathogenic,11140
17,31357516,31357517,gain,Pathogenic,2
2,47369148,47387028,loss,Pathogenic,17881
2,47377014,47377077,loss,Pathogenic,64
2,47377952,47400851,loss,Pathogenic,22900
2,47378950,47379342,loss,Pathogenic,393
2,47378953,47387028,loss,Pathogenic,8076
2,47383698,47388606,loss,Pathogenic,4909
2,47385164,47385253,loss,Pathogenic,90
2,47385166,47387028,loss,Pathogenic,1863
2,47398463,47409741,loss,Pathogenic,11279
2,47401439,47411294,loss,Pathogenic,9856
2,47402236,47424135,loss,Pathogenic,21900
2,47402369,47422413,loss,Pathogenic,20045
2,47403067,47483228,loss,Pathogenic,80162
2,47403067,47408555,loss,Pathogenic,5489
2,47403067,47403402,loss,Pathogenic,336
2,47403067,47429741,loss,Pathogenic,26675
2,47403067,47410372,loss,Pathogenic,7306
2,47403124,47414418,loss,Pathogenic,11295
2,47403124,47412560,loss,Pathogenic,9437
2,47403124,47410372,loss,Pathogenic,7249
2,47403124,47408555,loss,Pathogenic,5432
2,47403124,47480871,loss,Pathogenic,77748
2,47403124,47403402,loss,Pathogenic,279
2,47403124,47471062,loss,Pathogenic,67939
2,47403124,47466808,loss,Pathogenic,63685
2,47403124,47445657,loss,Pathogenic,42534
2,47403124,47429941,loss,Pathogenic,26818
2,47403124,47416429,loss,Pathogenic,13306
2,47403189,47404577,loss,Pathogenic,1389
2,47403189,47403402,loss,Pathogenic,214
2,47403190,47403558,loss,Pathogenic,369
2,47403191,47416429,loss,Pathogenic,13239
2,47404968,47441594,loss,Pathogenic,36627
2,47408397,47408551,loss,Pathogenic,155
2,47408399,47408556,loss,Pathogenic,158
2,47408399,47409266,loss,Pathogenic,868
2,47408401,47408555,loss,Pathogenic,155
2,47409412,47411457,loss,Pathogenic,2046
2,47409614,47411016,loss,Pathogenic,1403
2,47409629,47411679,loss,Pathogenic,2051
2,47409702,47411880,loss,Pathogenic,2179
2,47410090,47411112,loss,Pathogenic,1023
2,47410091,47410803,loss,Pathogenic,713
2,47410092,47410373,loss,Pathogenic,282
2,47410094,47416429,loss,Pathogenic,6336
2,47410094,47410372,loss,Pathogenic,279
2,47410911,47426291,loss,Pathogenic,15381
2,47411163,47421323,loss,Pathogenic,10161
2,47411339,47421504,loss,Pathogenic,10166
2,47412410,47413043,loss,Pathogenic,634
2,47412414,47483228,loss,Pathogenic,70815
2,47412414,47483221,loss,Pathogenic,70808
2,47412568,47415846,loss,Pathogenic,3279
2,47414263,47414868,loss,Pathogenic,606
2,47415370,47428293,loss,Pathogenic,12924
2,47416294,47416430,loss,Pathogenic,137
2,47427874,47430680,loss,Pathogenic,2807
2,47429514,47436178,loss,Pathogenic,6665
2,47429673,47429808,loss,Pathogenic,136
2,47429740,47429942,loss,Pathogenic,203
2,47429740,47429939,loss,Pathogenic,200
2,47429742,47429941,loss,Pathogenic,200
2,47429742,47483221,loss,Pathogenic,53480
2,47430139,47449418,loss,Pathogenic,19280
2,47430173,47449455,loss,Pathogenic,19283
2,47439264,47450433,loss,Pathogenic,11170
2,47439324,47450493,loss,Pathogenic,11170
2,47441470,47447474,loss,Pathogenic,6005
2,47444971,47447978,loss,Pathogenic,3008
2,47445546,47445658,loss,Pathogenic,113
2,47445546,47445655,loss,Pathogenic,110
2,47445548,47445657,loss,Pathogenic,110
2,47445548,47480871,loss,Pathogenic,35324
2,47445548,47466808,loss,Pathogenic,21261
2,47445548,47483221,loss,Pathogenic,37674
2,47459055,47470601,loss,Pathogenic,11547
2,47463031,47463154,loss,Pathogenic,124
2,47463031,47483221,loss,Pathogenic,20191
2,47470591,47478986,loss,Pathogenic,8396
2,47470960,47472106,loss,Pathogenic,1147
2,47470965,47482950,loss,Pathogenic,11986
2,47470965,47483221,loss,Pathogenic,12257
2,47471367,47476333,loss,Pathogenic,4967
2,47474664,47481709,loss,Pathogenic,7046
2,47475022,47475723,loss,Pathogenic,702
2,47475025,47483221,loss,Pathogenic,8197
2,47475167,47475274,loss,Pathogenic,108
2,47476365,47476572,loss,Pathogenic,208
2,47476367,47476571,loss,Pathogenic,205
2,47476408,47476409,gain,Pathogenic,2
2,47476682,47480794,loss,Pathogenic,4113
2,47480696,47483221,loss,Pathogenic,2526
2,47482779,47483221,loss,Pathogenic,443
2,47771371,47793044,loss,Pathogenic,21674
2,47780137,47793133,loss,Pathogenic,12997
2,47783082,47791123,loss,Pathogenic,8042
2,47783082,47806953,loss,Pathogenic,23872
2,47783232,47786880,loss,Pathogenic,3649
2,47783233,47791123,loss,Pathogenic,7891
2,47787690,47806292,loss,Pathogenic,18603
2,47790927,47791123,loss,Pathogenic,197
2,47790927,47801155,loss,Pathogenic,10229
2,47795892,47796064,loss,Pathogenic,173
2,47795894,47805027,loss,Pathogenic,9134
2,47795894,47806651,loss,Pathogenic,10758
2,47795894,47801155,loss,Pathogenic,5262
2,47802974,47805242,loss,Pathogenic,2269
2,47803420,47805027,loss,Pathogenic,1608
2,47804908,47805028,loss,Pathogenic,121
2,47805028,47806954,loss,Pathogenic,1927
3,36993164,36997312,loss,Pathogenic,4149
3,36993349,37028933,loss,Pathogenic,35585
3,36993350,37028932,loss,Pathogenic,35583
3,36993350,37017599,loss,Pathogenic,24250
3,36993350,37008905,loss,Pathogenic,15556
3,36993350,37001053,loss,Pathogenic,7704
3,36993350,36996709,loss,Pathogenic,3360
3,36993350,36993663,loss,Pathogenic,314
3,36993350,37050846,loss,Pathogenic,57497
3,36995928,37002064,loss,Pathogenic,6137
3,36996619,37001053,loss,Pathogenic,4435
3,36997954,37018122,gain,Pathogenic,20169
3,36998269,37010949,loss,Pathogenic,12681
3,37000955,37001053,loss,Pathogenic,99
3,37002981,37005098,loss,Pathogenic,2118
3,37003581,37005370,loss,Pathogenic,1790
3,37003589,37013145,loss,Pathogenic,9557
3,37004156,37008449,loss,Pathogenic,4294
3,37004401,37004474,loss,Pathogenic,74
3,37004401,37050846,loss,Pathogenic,46446
3,37006560,37007780,loss,Pathogenic,1221
3,37008149,37008954,loss,Pathogenic,806
3,37008309,37010718,loss,Pathogenic,2410
3,37008348,37010758,loss,Pathogenic,2411
3,37008349,37010757,loss,Pathogenic,2409
3,37008811,37008902,loss,Pathogenic,92
3,37008814,37026007,gain,Pathogenic,17194
3,37011459,37019499,loss,Pathogenic,8041
3,37011818,37011952,loss,Pathogenic,135
3,37019713,37021583,loss,Pathogenic,1871
3,37019816,37025264,loss,Pathogenic,5449
3,37020103,37020421,loss,Pathogenic,319
3,37020310,37050846,loss,Pathogenic,30537
3,37020387,37020388,gain,Pathogenic,2
3,37023308,37026834,loss,Pathogenic,3527
3,37024961,37026032,loss,Pathogenic,1072
3,37025633,37026155,loss,Pathogenic,523
3,37025635,37026008,loss,Pathogenic,374
3,37025637,37026007,loss,Pathogenic,371
3,37025637,37050846,loss,Pathogenic,25210
3,37027133,37033186,loss,Pathogenic,6054
3,37027163,37030317,loss,Pathogenic,3155
3,37028784,37028932,loss,Pathogenic,149
3,37028784,37050846,loss,Pathogenic,22063
3,37038863,37041876,loss,Pathogenic,3014
3,37040184,37040295,loss,Pathogenic,112
3,37040186,37040294,loss,Pathogenic,109
3,37040186,37050846,loss,Pathogenic,10661
3,37042599,37047754,loss,Pathogenic,5156
3,37043098,37048294,loss,Pathogenic,5197
3,37044575,37048112,loss,Pathogenic,3538
3,37045276,37048087,loss,Pathogenic,2812
3,37047519,37050653,loss,Pathogenic,3135
3,37047519,37050846,loss,Pathogenic,3328
3,37047963,37059588,loss,Pathogenic,11626
3,37048904,37050846,loss,Pathogenic,1943
3,37048990,37050552,loss,Pathogenic,1563
3,37050486,37050846,loss,Pathogenic,361
5,112737857,112738779,loss,Pathogenic,923
5,112775626,112775935,loss,Pathogenic,310
5,112819078,112819172,loss,Pathogenic,95
5,112821894,112829116,loss,Pathogenic,7223
5,112834949,112835166,loss,Pathogenic,218
7,5973239,5989955,loss,Pathogenic,16717
7,5973239,5992057,loss,Pathogenic,18819
7,5973239,6002636,loss,Pathogenic,29398
7,5975992,5977870,loss,Pathogenic,1879
7,5976798,5977848,loss,Pathogenic,1051
7,5977583,5989960,loss,Pathogenic,12378
7,5977588,5977757,loss,Pathogenic,170
7,5986757,5987621,loss,Pathogenic,865
7,5986757,5988602,loss,Pathogenic,1846
7,5989800,5989955,loss,Pathogenic,156
7,5989800,5992057,loss,Pathogenic,2258
7,5989800,6009106,loss,Pathogenic,19307
7,5991973,5999275,loss,Pathogenic,7303
7,5991973,6009106,loss,Pathogenic,17134
7,5991973,6006031,loss,Pathogenic,14059
7,5991973,6002636,loss,Pathogenic,10664
7,5997326,6004058,loss,Pathogenic,6733
7,5998652,5999753,loss,Pathogenic,1102
7,6003690,6004058,loss,Pathogenic,369
7,6008997,6009106,loss,Pathogenic,110
10,13109103,13136886,loss,Pathogenic,27784
10,13109123,13183100,loss,Pathogenic,73978
10,13109625,13111496,loss,Pathogenic,1872
14,36516072,36520130,loss,Pathogenic,4059
19,35905861,35911126,loss,Pathogenic,5266
1,39968600,39968649,loss,Pathogenic,50
2,32035374,32122619,loss,Pathogenic,87246
2,32038850,32108653,loss,Pathogenic,69804
2,32049842,32066177,loss,Pathogenic,16336
2,32057691,32078185,loss,Pathogenic,20495
2,32057783,32070334,loss,Pathogenic,12552
2,32063147,32067181,loss,Pathogenic,4035
2,32063611,32064246,loss,Pathogenic,636
2,32063639,32080127,loss,Pathogenic,16489
2,32063720,32066025,loss,Pathogenic,2306
2,32063812,32064266,loss,Pathogenic,455
2,32063812,32154516,loss,Pathogenic,90705
2,32063812,32116232,loss,Pathogenic,52421
2,32063826,32087584,loss,Pathogenic,23759
2,32066710,32132126,loss,Pathogenic,65417
2,32066734,32139588,loss,Pathogenic,72855
2,32077068,32125989,loss,Pathogenic,48922
2,32083106,32116600,loss,Pathogenic,33495
2,32083472,32142854,loss,Pathogenic,59383
2,32088102,32183850,loss,Pathogenic,95749
2,32104654,32148073,loss,Pathogenic,43420
2,32107605,32115865,loss,Pathogenic,8261
2,32113361,32115224,loss,Pathogenic,1864
2,32113664,32125322,loss,Pathogenic,11659
2,32114618,32147278,loss,Pathogenic,32661
2,32114618,32128499,loss,Pathogenic,13882
2,32114638,32157637,loss,Pathogenic,43000
2,32114645,32122725,loss,Pathogenic,8081
2,32115332,32120352,loss,Pathogenic,5021
2,32117629,32178282,loss,Pathogenic,60654
2,32122553,32167306,loss,Pathogenic,44754
2,32125885,32135220,loss,Pathogenic,9336
2,32125990,32134889,loss,Pathogenic,8900
2,32126928,32128499,loss,Pathogenic,1572
2,32126938,32154506,loss,Pathogenic,27569
2,32126938,32128489,loss,Pathogenic,1552
2,32127040,32154579,loss,Pathogenic,27540
2,32127206,32128478,loss,Pathogenic,1273
2,32128136,32128137,gain,Pathogenic,2
2,32131874,32147845,loss,Pathogenic,15972
2,32135250,32156159,loss,Pathogenic,20910
2,32136543,32147278,loss,Pathogenic,10736
2,32136543,32137208,loss,Pathogenic,666
2,32136553,32137198,loss,Pathogenic,646
2,32136553,32136648,loss,Pathogenic,96
2,32140226,32149377,loss,Pathogenic,9152
2,32145356,32177032,loss,Pathogenic,31677
2,32146839,32148798,loss,Pathogenic,1960
2,32147726,32164528,loss,Pathogenic,16803
2,32147734,32171797,loss,Pathogenic,24064
2,32147746,32173488,loss,Pathogenic,25743
2,32147763,32165337,loss,Pathogenic,17575
2,32148610,32159376,loss,Pathogenic,10767
2,32149358,32163762,loss,Pathogenic,14405
2,32151043,32156137,loss,Pathogenic,5095
2,32153490,32156211,loss,Pathogenic,2722
2,32153575,32178196,loss,Pathogenic,24622
2,32153604,32171983,loss,Pathogenic,18380
2,32153817,32159317,loss,Pathogenic,5501
2,32154364,32154506,loss,Pathogenic,143
2,32154374,32154496,loss,Pathogenic,123
3,193667179,193667285,loss,Pathogenic,107
10,78020679,78023049,loss,Pathogenic,2371
11,64803514,64804816,loss,Pathogenic,1303
11,64803514,64810132,loss,Pathogenic,6619
11,64804202,64804818,loss,Pathogenic,617
11,64804324,64810716,loss,Pathogenic,6393
11,64805006,64805107,loss,Pathogenic,102
11,64805913,64807922,loss,Pathogenic,2010
11,64805997,64806341,loss,Pathogenic,345
11,64809659,64810115,loss,Pathogenic,457
13,51944089,51946498,loss,Pathogenic,2410
13,51944271,51944840,loss,Pathogenic,570
13,51965991,51974784,loss,Pathogenic,8794
13,51973915,51975188,loss,Pathogenic,1274
2,86263945,86264061,loss,Pathogenic,117
2,86337469,86337520,loss,Pathogenic,52
8,38242230,38247855,loss,Pathogenic,5626
10,103089662,103174968,loss,Pathogenic,85307
9,126651732,126698478,loss,Pathogenic,46747
16,78109371,78120804,loss,Pathogenic,11434
16,78375283,78397380,loss,Pathogenic,22098
7,6345625,6392144,loss,Pathogenic,46520
16,78424877,78429615,loss,Pathogenic,4739
16,15664154,15667527,loss,Pathogenic,3374
5,141574426,141613062,loss,Pathogenic,38637
16,28486347,28486650,loss,Pathogenic,304
1,155218388,155240077,loss,Pathogenic,21690
1,151017812,151043727,loss,Pathogenic,25916
7,5652413,5652510,loss,Pathogenic,98
2,171787571,171787947,loss,Pathogenic,377
12,64474230,64501381,loss,Pathogenic,27152
16,78164183,78164289,loss,Pathogenic,107
22,20048861,20058261,loss,Pathogenic,9401
16,78424870,78425056,loss,Pathogenic,187
16,28486347,28486651,loss,Pathogenic,305
7,147300188,147300495,loss,Pathogenic,308
8,6403515,6455191,loss,Pathogenic,51677
5,161288681,161290797,loss,Benign,2117
9,127673213,127723339,loss,Pathogenic,50127
14,21419153,21450123,loss,Pathogenic,30971
13,101868725,101916645,loss,Pathogenic,47921
16,15643382,15726353,loss,Pathogenic,82972
21,37371856,37457949,loss,Pathogenic,86094
12,13889634,13980179,loss,Pathogenic,90546
9,127669483,127669911,loss,Pathogenic,429
3,9440457,9448630,loss,Pathogenic,8174
17,29507897,29543022,loss,Pathogenic,35126
9,74497826,74498135,loss,Pathogenic,310
6,85572087,85641489,loss,Pathogenic,69403
22,31838909,31870522,gain,Pathogenic,31614
17,31155962,31163396,loss,Pathogenic,7435
7,148383649,148383888,loss,Pathogenic,240
7,146774271,146839904,loss,Pathogenic,65634
7,107951205,107952243,loss,Pathogenic,1039
4,127949707,127984521,loss,Pathogenic,34815
1,151017715,151018767,loss,Pathogenic,1053
22,41527570,41532843,loss,Pathogenic,5274
17,8171228,8185326,loss,Pathogenic,14099
2,52523635,52554302,loss,Benign,30668
2,52523636,52554302,loss,Benign,30667
3,162823050,162901324,loss,Benign,78275
7,69832264,69865810,loss,Pathogenic,33547
7,143455851,143456472,gain,Benign,622
7,159257125,159265346,loss,Benign,8222
7,159325838,159335865,loss,Benign,10028
8,43516300,43528060,gain,Benign,11761
9,31567896,31642032,loss,Benign,74137
17,37710501,37710502,gain,Pathogenic,2
1,2651321,2701929,loss,Benign,50609
1,2651321,2701929,gain,Benign,50609
1,2659405,2673815,gain,Benign,14411
1,44514045,44535607,loss,Benign,21563
1,44838131,44841480,loss,Pathogenic,3350
1,63685499,63710831,loss,Benign,25333
1,106144193,106226813,gain,Benign,82621
1,194014117,194098005,gain,Benign,83889
1,195293008,195379302,loss,Benign,86295
1,215279453,215352725,loss,Benign,73273
1,243520743,243531432,gain,Benign,10690
1,247870345,247871020,gain,Benign,676
2,13066912,13138680,gain,Benign,71769
2,14041885,14138712,gain,Benign,96828
2,35299076,35395445,loss,Benign,96370
2,44004254,44049785,loss,Benign,45532
2,52523636,52554302,gain,Benign,30667
2,240976892,240979817,gain,Benign,2926
3,228966,241369,gain,Benign,12404
3,1798595,1880775,gain,Benign,82181
3,1798624,1880804,gain,Benign,82181
3,30634639,30638613,loss,Benign,3975
3,66580588,66617624,gain,Benign,37037
3,85521116,85566418,loss,Benign,45303
3,119059834,119081373,gain,Benign,21540
3,162796776,162866788,gain,Benign,70013
3,162866788,162901324,loss,Benign,34537
4,35540392,35603109,loss,Benign,62718
4,49161529,49200536,gain,Benign,39008
4,189324047,189388086,gain,Benign,64040
5,22149,52130,loss,Benign,29982
5,7422048,7449225,gain,Benign,27178
5,21351725,21377167,gain,Benign,25443
5,45858731,45880607,loss,Benign,21877
5,85966055,86043040,loss,Benign,76986
5,106443466,106530076,loss,Benign,86611
5,120823304,120920431,loss,Benign,97128
5,180750527,180764645,gain,Benign,14119
5,181382803,181448620,gain,Benign,65818
5,181394958,181448620,gain,Benign,53663
5,181425760,181448620,gain,Benign,22861
6,255350,283860,gain,Benign,28511
6,259318,279373,gain,Benign,20056
6,259318,283860,gain,Benign,24543
6,259531,284008,gain,Benign,24478
6,259881,283860,loss,Benign,23980
6,94747115,94815898,loss,Benign,68784
6,94747115,94844650,loss,Benign,97536
6,94769065,94844650,loss,Benign,75586
6,162449337,162512065,loss,Benign,62729
6,170499112,170532540,loss,Benign,33429
7,46494,65558,gain,Benign,19065
7,62736364,62736423,gain,Benign,60
7,79708363,79763854,gain,Benign,55492
7,112092584,112144255,loss,Benign,51672
7,154125945,154207385,gain,Benign,81441
7,159254286,159265346,loss,Benign,11061
7,159257125,159265304,loss,Benign,8180
7,159296711,159332897,loss,Benign,36187
7,159320013,159335865,gain,Benign,15853
8,90247,106814,gain,Benign,16568
8,4132365,4211848,loss,Benign,79484
8,4725294,4774270,gain,Benign,48977
8,4867587,4891747,loss,Benign,24161
8,4867646,4891747,loss,Benign,24102
8,14714802,14757672,loss,Benign,42871
8,14940111,14976577,gain,Benign,36467
8,15545930,15551664,loss,Benign,5735
8,15564152,15573816,loss,Benign,9665
8,72684692,72723399,gain,Benign,38708
8,131483263,131554253,gain,Benign,70991
8,139311194,139387068,gain,Benign,75875
9,1611053,1703711,loss,Benign,92659
9,10249116,10340720,gain,Benign,91605
9,25259015,25346914,loss,Benign,87900
9,77828133,77845836,loss,Benign,17704
10,20906254,20910631,loss,Benign,4378
10,54417212,54436627,gain,Benign,19416
10,66562861,66599677,loss,Benign,36817
10,66684077,66756761,loss,Benign,72685
11,1998451,1999317,gain,Benign,867
11,104772488,104831110,gain,Benign,58623
11,133676308,133756534,loss,Benign,80227
12,59973621,60061113,loss,Benign,87493
12,73944931,74026900,loss,Benign,81970
12,82697865,82746258,loss,Benign,48394
12,99564637,99611495,loss,Benign,46859
13,57219220,57298363,loss,Benign,79144
13,66753669,66767786,loss,Benign,14118
13,66753669,66774687,loss,Benign,21019
13,91521052,91597567,loss,Benign,76516
13,93601411,93624805,loss,Benign,23395
13,93689856,93770897,gain,Benign,81042
13,104182206,104279609,loss,Benign,97404
14,72172189,72198910,gain,Benign,26722
15,31823548,31856744,gain,Benign,33197
15,77318715,77342090,loss,Benign,23376
15,77430520,77444701,gain,Benign,14182
16,1515627,1515628,gain,Pathogenic,2
16,6900958,6922247,loss,Benign,21290
16,15892203,15926020,gain,Benign,33818
16,29714273,29727067,loss,Benign,12795
17,14464946,14519690,gain,Benign,54745
17,17710076,17713445,loss,Pathogenic,3370
19,127601,138477,gain,Benign,10877
20,14775747,14818452,loss,Benign,42706
21,23154277,23250240,loss,Benign,95964
22,19151514,19159891,gain,Benign,8378
2,123484951,123548571,loss,Benign,63621
6,78319932,78376369,loss,Benign,56438
10,66318723,66354723,loss,Benign,36001
14,43781886,43815123,loss,Benign,33238
1,9976248,9976249,gain,Pathogenic,2
3,10140148,10140759,loss,Pathogenic,612
4,996520,998294,loss,Pathogenic,1775
5,36953761,36953893,loss,Pathogenic,133
5,90118338,90119244,loss,Pathogenic,907
11,2585210,2585211,gain,Pathogenic,2
16,89524250,89524307,loss,Benign,58
17,10643215,10643387,loss,Pathogenic,173
19,12536733,12537889,loss,Pathogenic,1157
1,7621941,7624940,loss,Pathogenic,3000
10,133503363,133519080,gain,Benign,15718
9,130499495,130499496,gain,Pathogenic,2
15,72647900,72648958,loss,Pathogenic,1059
19,11104770,11104771,gain,Pathogenic,2
19,11200038,11200291,loss,Pathogenic,254
17,31149460,31149461,gain,Pathogenic,2
17,31227145,31227146,gain,Pathogenic,2
2,47429605,47429606,gain,Pathogenic,2
2,32133665,32133666,gain,Pathogenic,2
2,32133666,32133667,gain,Pathogenic,2
2,32140510,32140511,gain,Pathogenic,2
5,161369697,161370014,loss,Benign,318
6,161716075,161716131,loss,Pathogenic,57
7,146320644,146339450,loss,Benign,18807
20,47271257,47276256,gain,Benign,5000
7,148147909,148152908,loss,Benign,5000
9,128212722,128217721,gain,Benign,5000
16,78271104,78276103,loss,Benign,5000
5,162087995,162092994,gain,Benign,5000
3,38588510,38593509,loss,Benign,5000
19,13324187,13329186,loss,Benign,5000
14,62988283,62993282,loss,Benign,5000
15,32142800,32152799,gain,Benign,10000
18,55637770,55652769,loss,Benign,15000
12,13972067,13977066,gain,Benign,5000
7,147112909,147117908,gain,Benign,5000
18,58212769,58217768,gain,Benign,5000
2,171898491,171903490,loss,Benign,5000
16,79201104,79206103,gain,Benign,5000
19,13614187,13619186,loss,Benign,5000
5,88894184,88899183,loss,Benign,5000
13,35635864,35640863,loss,Benign,5000
13,35030864,35035863,loss,Benign,5000
7,147097909,147102908,loss,Benign,5000
1,237536701,237541700,loss,Benign,5000
2,166258491,166263490,loss,Benign,5000
5,45469899,45474898,loss,Benign,5000
17,79243919,79248918,gain,Benign,5000
8,67442766,67447765,gain,Benign,5000
5,45654899,45659898,loss,Benign,5000
7,140910201,140915200,gain,Benign,5000
8,132432754,132437753,loss,Benign,5000
13,35535864,35540863,loss,Benign,5000
7,147962909,147967908,gain,Benign,5000
16,79181104,79186103,loss,Benign,5000
5,45314899,45324898,loss,Benign,10000
15,26654854,26659853,loss,Benign,5000
13,34955864,34960863,gain,Benign,5000
5,88859184,88864183,loss,Benign,5000
9,127627722,127632721,gain,Benign,5000
7,147087909,147092908,loss,Benign,5000
7,148282909,148297908,gain,Benign,15000
8,67722766,67727765,gain,Benign,5000
7,146812909,146817908,loss,Benign,5000
16,6950000,6954999,gain,Benign,5000
7,120304947,120309946,loss,Benign,5000
7,146737909,146742908,loss,Benign,5000
5,45494899,45504898,gain,Benign,10000
13,35000864,35005863,gain,Benign,5000
7,147437909,147442908,loss,Benign,5000
12,13912067,13917066,gain,Benign,5000
7,147697909,147702908,gain,Benign,5000
7,147702909,147707908,loss,Benign,5000
7,148047909,148052908,loss,Benign,5000
5,45569899,45574898,gain,Benign,5000
16,6575000,6579999,loss,Benign,5000
16,78856104,78861103,gain,Benign,5000
1,237186701,237191700,gain,Benign,5000
7,147217909,147222908,gain,Benign,5000
16,78511104,78516103,gain,Benign,5000
16,5910000,5914999,loss,Benign,5000
16,78576104,78581103,loss,Benign,5000
16,78936104,78946103,loss,Benign,10000
7,120464947,120469946,gain,Benign,5000
5,162162995,162172994,loss,Benign,10000
15,68257663,68262662,loss,Benign,5000
20,38466358,38471357,loss,Benign,5000
8,18047492,18052491,gain,Benign,5000
10,93810244,93815243,loss,Benign,5000
18,55212770,55217769,gain,Benign,5000
6,18104770,18114769,loss,Benign,10000
8,67752766,67757765,gain,Benign,5000
5,45704899,45709898,loss,Benign,5000
15,26529854,26534853,gain,Benign,5000
15,89816769,89821768,gain,Benign,5000
3,195848130,195853129,gain,Benign,5000
20,38456358,38461357,loss,Benign,5000
16,79226104,79236103,loss,Benign,10000
5,88919184,88924183,loss,Benign,5000
2,27422134,27427133,gain,Benign,5000
19,14009189,14014188,loss,Benign,5000
6,24374773,24384772,gain,Benign,10000
15,25309854,25314853,gain,Benign,5000
20,47376257,47386256,gain,Benign,10000
14,63123283,63133282,gain,Benign,10000
2,237296358,237301357,gain,Benign,5000
9,35120004,35125003,loss,Benign,5000
11,102659270,102664269,gain,Benign,5000
20,48873464,48893463,gain,Benign,20000
2,85802878,85807877,gain,Benign,5000
3,50537570,50542569,gain,Benign,5000
8,1716835,1721834,loss,Benign,5000
10,102605244,102610243,gain,Benign,5000
21,28832679,28837678,loss,Benign,5000
15,89931769,89936768,gain,Benign,5000
16,31048680,31053679,loss,Benign,5000
2,165043491,165048490,loss,Benign,5000
1,42999330,43004329,gain,Benign,5000
6,145778865,145783864,gain,Benign,5000
16,31053680,31058679,loss,Benign,5000
22,38363996,38368995,loss,Benign,5000
19,34979097,34984096,loss,Benign,5000
2,237271358,237276357,loss,Benign,5000
6,52580203,52585202,gain,Benign,5000
6,52300203,52310202,loss,Benign,10000
3,25843510,25848509,gain,Benign,5000
6,52585203,52590202,loss,Benign,5000
17,79028919,79033918,gain,Benign,5000
6,18054770,18064769,loss,Benign,10000
1,154637525,154642524,loss,Benign,5000
2,85962878,85967877,gain,Benign,5000
16,29748680,29753679,loss,Benign,5000
15,92831771,92836770,loss,Benign,5000
7,66560014,66565013,gain,Benign,5000
19,35979099,35984098,gain,Benign,5000
2,241280586,241285585,gain,Benign,5000
21,37597699,37602698,loss,Benign,5000
7,120194947,120199946,gain,Benign,5000
10,25851072,25856071,loss,Benign,5000
19,700001,705000,gain,Benign,5000
15,25244854,25249853,gain,Benign,5000
20,47441257,47446256,gain,Benign,5000
5,88989184,88994183,gain,Benign,5000
1,43044330,43049329,gain,Benign,5000
1,65154318,65159317,loss,Benign,5000
16,2380000,2384999,loss,Benign,5000
15,27029854,27034853,gain,Benign,5000
20,49128464,49133463,gain,Benign,5000
14,73033293,73038292,gain,Benign,5000
12,14082067,14087066,gain,Benign,5000
8,67847766,67852765,loss,Benign,5000
9,127797722,127802721,gain,Benign,5000
15,89436770,89441769,gain,Benign,5000
5,88589183,88614182,gain,Benign,25000
15,25544854,25549853,gain,Benign,5000
19,34919097,34924096,gain,Benign,5000
11,33463455,33468454,gain,Benign,5000
6,18004770,18009769,loss,Benign,5000
22,38173994,38178993,loss,Benign,5000
10,26326072,26331071,gain,Benign,5000
2,172120273,172125272,gain,Benign,5000
9,135918155,135923154,loss,Benign,5000
7,120874947,120879946,gain,Benign,5000
11,119439291,119444290,loss,Benign,5000
3,25583510,25588509,gain,Benign,5000
10,102790244,102795243,gain,Benign,5000
18,55802770,55832769,loss,Benign,30000
11,33508455,33513454,gain,Benign,5000
12,595835,600834,gain,Benign,5000
3,63934325,63939324,loss,Benign,5000
16,990001,1000000,loss,Benign,10000
19,775001,780000,loss,Benign,5000
6,24229773,24244772,loss,Benign,15000
20,41526362,41531361,gain,Benign,5000
16,77926104,77931103,loss,Benign,5000
9,128012722,128022721,gain,Benign,10000
3,49592568,49597567,loss,Benign,5000
8,67917766,67922765,gain,Benign,5000
18,55837770,55842769,loss,Benign,5000
9,34910004,34915003,loss,Benign,5000
17,47762635,47767634,loss,Benign,5000
11,119494290,119499289,loss,Benign,5000
12,13252067,13257066,loss,Benign,5000
16,7894999,7899998,gain,Benign,5000
20,47021362,47026361,loss,Benign,5000
17,47752635,47757634,gain,Benign,5000
3,186837212,186842211,gain,Benign,5000
2,134647431,134652430,loss,Benign,5000
3,184147213,184152212,loss,Benign,5000
1,99769445,99774444,gain,Benign,5000
1,238031701,238036700,gain,Benign,5000
15,52102804,52107803,loss,Benign,5000
7,141125201,141135200,loss,Benign,10000
8,27252484,27257483,gain,Benign,5000
7,140510201,140515200,gain,Benign,5000
20,41571362,41576361,loss,Benign,5000
10,88180244,88185243,loss,Benign,5000
8,2011835,2016834,gain,Benign,5000
20,38251599,38256598,gain,Benign,5000
15,52082804,52087803,loss,Benign,5000
9,2490001,2495000,loss,Benign,5000
3,196138130,196143129,gain,Benign,5000
10,25701072,25706071,loss,Benign,5000
3,49182568,49187567,loss,Benign,5000
3,25483510,25488509,loss,Benign,5000
7,120034947,120039946,gain,Benign,5000
15,89056770,89066769,loss,Benign,10000
5,161587995,161607994,gain,Benign,20000
20,63098649,63103648,loss,Benign,5000
5,162402995,162407994,gain,Benign,5000
18,58642769,58647768,loss,Benign,5000
6,52775203,52780202,loss,Benign,5000
2,25992132,25997131,loss,Benign,5000
15,90141769,90151768,gain,Benign,10000
10,94055244,94060243,gain,Benign,5000
12,42841198,42846197,gain,Benign,5000
3,50757570,50762569,loss,Benign,5000
3,184072213,184077212,gain,Benign,5000
2,85562878,85567877,gain,Benign,5000
12,14252067,14257066,gain,Benign,5000
5,45974899,45979898,gain,Benign,5000
5,45979899,45984898,loss,Benign,5000
4,102338844,102343843,gain,Benign,5000
5,45984899,45989898,loss,Benign,5000
17,48242639,48247638,gain,Benign,5000
7,67075014,67080013,gain,Benign,5000
15,58647802,58652801,gain,Benign,5000
15,58957802,58962801,loss,Benign,5000
15,59012802,59017801,gain,Benign,5000
5,88799184,88804183,gain,Pathogenic,5000
16,78271104,78276103,loss,Pathogenic,5000
2,171838491,171843490,loss,Pathogenic,5000
3,38588510,38593509,loss,Pathogenic,5000
1,237551701,237556700,loss,Pathogenic,5000
1,237551701,237556700,gain,Pathogenic,5000
2,165358491,165363490,loss,Pathogenic,5000
2,165358491,165363490,gain,Pathogenic,5000
12,42486199,42491198,loss,Pathogenic,5000
16,6320000,6324999,loss,Pathogenic,5000
2,171818491,171823490,gain,Pathogenic,5000
1,237426701,237436700,loss,Pathogenic,10000
18,55622770,55627769,gain,Pathogenic,5000
16,6010000,6014999,loss,Pathogenic,5000
2,166063491,166068490,loss,Pathogenic,5000
18,58202769,58207768,gain,Pathogenic,5000
5,88774184,88779183,gain,Pathogenic,5000
2,166363491,166368490,gain,Pathogenic,5000
12,13527067,13532066,loss,Pathogenic,5000
8,67442766,67447765,loss,Pathogenic,5000
8,67442766,67447765,gain,Pathogenic,5000
16,7315000,7319999,loss,Pathogenic,5000
16,56261089,56266088,gain,Pathogenic,5000
7,147987909,147992908,gain,Pathogenic,5000
15,26654854,26659853,loss,Pathogenic,5000
6,145483865,145488864,gain,Pathogenic,5000
16,7405000,7409999,loss,Pathogenic,5000
12,13732067,13737066,loss,Pathogenic,5000
7,147537909,147542908,gain,Pathogenic,5000
16,56301089,56306088,gain,Pathogenic,5000
16,78661104,78666103,loss,Pathogenic,5000
13,35505864,35510863,gain,Pathogenic,5000
5,45494899,45504898,loss,Pathogenic,10000
16,6055000,6059999,loss,Pathogenic,5000
7,146877909,146887908,loss,Pathogenic,10000
7,147677909,147682908,loss,Pathogenic,5000
7,147437909,147442908,loss,Pathogenic,5000
16,79096104,79141103,loss,Pathogenic,45000
7,147842909,147847908,loss,Pathogenic,5000
16,6830000,6834999,gain,Pathogenic,5000
6,145408865,145413864,loss,Pathogenic,5000
7,146472909,146477908,gain,Pathogenic,5000
15,68257663,68262662,loss,Pathogenic,5000
1,2013562,2018561,loss,Pathogenic,5000
12,122210454,122215453,loss,Pathogenic,5000
22,38278995,38288994,gain,Pathogenic,10000
8,18047492,18052491,loss,Pathogenic,5000
3,64449325,64454324,gain,Pathogenic,5000
7,140710201,140715200,loss,Pathogenic,5000
18,55212770,55217769,loss,Pathogenic,5000
15,89341770,89346769,gain,Pathogenic,5000
3,38528510,38533509,gain,Pathogenic,5000
3,122161154,122166153,loss,Pathogenic,5000
3,167712213,167717212,loss,Pathogenic,5000
1,42979330,42989329,loss,Pathogenic,10000
6,24374773,24379772,loss,Pathogenic,5000
16,78071104,78076103,loss,Pathogenic,5000
19,13659187,13664186,loss,Pathogenic,5000
3,38683510,38688509,gain,Pathogenic,5000
19,48681744,48686743,gain,Pathogenic,5000
17,67678885,67683884,gain,Pathogenic,5000
5,88674183,88679183,gain,Pathogenic,5001
7,120229947,120234946,loss,Pathogenic,5000
11,102744270,102749269,loss,Pathogenic,5000
19,48676744,48681743,gain,Pathogenic,5000
1,42999330,43004329,gain,Pathogenic,5000
15,89376770,89381769,gain,Pathogenic,5000
11,102749270,102754269,gain,Pathogenic,5000
15,25284854,25289853,loss,Pathogenic,5000
1,65199318,65204317,loss,Pathogenic,5000
18,55172770,55177769,loss,Pathogenic,5000
8,67792766,67797765,loss,Pathogenic,5000
10,88020244,88025243,gain,Pathogenic,5000
1,43504330,43509329,loss,Pathogenic,5000
11,119364291,119369290,loss,Pathogenic,5000
1,2083562,2088561,loss,Pathogenic,5000
18,55717770,55722769,loss,Pathogenic,5000
22,46594104,46599103,loss,Pathogenic,5000
7,94460689,94465688,loss,Pathogenic,5000
6,33512224,33517223,gain,Pathogenic,5000
8,17362492,17367491,loss,Pathogenic,5000
3,167667213,167672212,loss,Pathogenic,5000
7,66560014,66565013,gain,Pathogenic,5000
20,47421257,47426256,gain,Pathogenic,5000
21,28802678,28807677,gain,Pathogenic,5000
11,102619270,102624269,gain,Pathogenic,5000
2,27557134,27562133,loss,Pathogenic,5000
7,140995201,141000200,gain,Pathogenic,5000
16,66431098,66436097,loss,Pathogenic,5000
16,1295000,1299999,loss,Pathogenic,5000
15,68127663,68132662,gain,Pathogenic,5000
7,66545014,66550013,gain,Pathogenic,5000
22,38398996,38403995,gain,Pathogenic,5000
15,25244854,25249853,gain,Pathogenic,5000
2,152193487,152198486,loss,Pathogenic,5000
2,85732878,85737877,loss,Pathogenic,5000
1,236931701,236936700,loss,Pathogenic,5000
1,1908562,1913561,loss,Pathogenic,5000
19,34919097,34924096,gain,Pathogenic,5000
2,85722878,85727877,gain,Pathogenic,5000
7,145997908,146002907,loss,Pathogenic,5000
14,73013293,73018292,loss,Pathogenic,5000
16,29683680,29688679,loss,Pathogenic,5000
10,25806072,25811071,loss,Pathogenic,5000
3,186507212,186512211,gain,Pathogenic,5000
15,92756771,92766770,loss,Pathogenic,10000
8,17437492,17447491,loss,Pathogenic,10000
16,1010001,1015000,gain,Pathogenic,5000
10,102800244,102805243,gain,Pathogenic,5000
1,237981701,237986700,gain,Pathogenic,5000
16,7864999,7869998,gain,Pathogenic,5000
2,172155273,172160272,gain,Pathogenic,5000
2,26067132,26077131,loss,Pathogenic,10000
20,63168649,63173648,loss,Pathogenic,5000
2,171608491,171613490,gain,Pathogenic,5000
5,45079899,45084898,gain,Pathogenic,5000
8,18262492,18267491,loss,Pathogenic,5000
2,134647431,134652430,loss,Pathogenic,5000
3,186437212,186442211,gain,Pathogenic,5000
15,68457662,68462661,loss,Pathogenic,5000
15,68457662,68467661,loss,Pathogenic,10000
1,2233562,2238561,gain,Pathogenic,5000
14,73428293,73433292,loss,Pathogenic,5000
7,66870014,66895013,loss,Pathogenic,25000
18,55887770,55892769,loss,Pathogenic,5000
19,355001,360000,gain,Pathogenic,5000
3,25483510,25488509,loss,Pathogenic,5000
3,50737570,50742569,loss,Pathogenic,5000
15,89056770,89066769,loss,Pathogenic,10000
17,44592633,44597632,loss,Pathogenic,5000
5,177113000,177117999,gain,Pathogenic,5000
2,178260274,178265273,gain,Pathogenic,5000
6,132343862,132353861,loss,Pathogenic,10000
2,165708491,165713490,loss,Pathogenic,5000
17,47247635,47252634,gain,Pathogenic,5000
8,67137766,67142765,loss,Pathogenic,5000
16,89838593,89843592,loss,Pathogenic,5000
12,52096217,52101216,loss,Pathogenic,5000
5,45979899,45984898,gain,Pathogenic,5000
15,68542662,68547661,gain,Pathogenic,5000
2,134542430,134547429,gain,Pathogenic,5000
7,67075014,67080013,gain,Pathogenic,5000
15,58867802,58872801,loss,Pathogenic,5000
3,53489686,53490786,loss,Pathogenic,1101
14,22930911,22932128,loss,Benign,1218
19,15329651,15330679,loss,Pathogenic,1029
19,15329651,15330679,loss,Benign,1029
5,31635766,31638599,loss,Pathogenic,2834
18,50297405,50297949,loss,Pathogenic,545
11,31827194,31837058,loss,Pathogenic,9865
1,245148481,245153397,loss,Pathogenic,4917
11,64725135,64725343,loss,Pathogenic,209
11,64725136,64725343,loss,Pathogenic,208
11,64725136,64725343,loss,Benign,208
18,50297405,50297949,loss,Benign,545
2,191020603,191020998,loss,Pathogenic,396
2,191020603,191020998,loss,Benign,396
1,21659379,21659482,loss,Benign,104
1,54298757,54300949,loss,Benign,2193
1,61083721,61083853,loss,Pathogenic,133
2,9229605,9235252,loss,Pathogenic,5648
2,28883872,28894374,loss,Pathogenic,10503
2,73995588,74001926,loss,Pathogenic,6339
3,33654759,33657157,loss,Pathogenic,2399
3,55565777,55566841,loss,Pathogenic,1065
4,71186534,71186661,loss,Pathogenic,128
5,59596083,59644917,loss,Pathogenic,48835
5,59596083,59644917,loss,Benign,48835
5,133053580,133053890,loss,Pathogenic,311
5,138354370,138358032,loss,Pathogenic,3663
6,35215944,35216331,loss,Pathogenic,388
7,70719790,70759630,loss,Pathogenic,39841
7,70719790,70759630,loss,Benign,39841
7,101928394,101939938,loss,Pathogenic,11545
7,127992193,127999431,loss,Pathogenic,7239
7,127992193,127999431,loss,Benign,7239
7,128831146,128831423,loss,Pathogenic,278
7,130485659,130485847,loss,Pathogenic,189
8,138475140,138477436,loss,Pathogenic,2297
9,72110534,72141507,loss,Pathogenic,30974
9,137640068,137645006,loss,Pathogenic,4939
10,509713,514836,loss,Pathogenic,5124
10,92593878,92606079,loss,Pathogenic,12202
11,19709745,19711327,loss,Pathogenic,1583
12,2354010,2358535,loss,Benign,4526
12,45732475,45737779,loss,Pathogenic,5305
12,45732475,45737779,loss,Benign,5305
14,96501514,96501874,loss,Pathogenic,361
14,96501514,96501874,loss,Benign,361
14,101823190,101824881,loss,Pathogenic,1692
14,103846021,103846906,loss,Pathogenic,886
14,105164265,105165997,loss,Benign,1733
14,105164265,105165997,loss,Pathogenic,1733
15,77418213,77418551,loss,Pathogenic,339
16,10021823,10105767,loss,Benign,83945
19,10690569,10690983,loss,Pathogenic,415
19,44956665,44958301,loss,Pathogenic,1637
19,49440043,49440246,loss,Pathogenic,204
20,62355598,62355855,loss,Benign,258
1,40162953,40165990,loss,Pathogenic,3038
2,235572590,235598056,loss,Pathogenic,25467
3,2473732,2544323,loss,Pathogenic,70592
3,2722864,2727960,loss,Pathogenic,5097
3,9180773,9183520,loss,Pathogenic,2748
3,12654239,12660565,loss,Pathogenic,6327
4,6784665,6791471,loss,Pathogenic,6807
5,124740724,124742102,loss,Pathogenic,1379
5,132738154,132742489,loss,Pathogenic,4336
5,150156388,150156502,loss,Pathogenic,115
5,150156388,150156502,loss,Benign,115
7,42156047,42164775,loss,Pathogenic,8729
7,82181519,82238753,loss,Pathogenic,57235
8,70244392,70251255,loss,Pathogenic,6864
8,103499729,103500049,loss,Pathogenic,321
8,124613483,124694760,loss,Pathogenic,81278
8,124613483,124694760,loss,Benign,81278
8,124726399,124726520,loss,Pathogenic,122
8,130302052,130352225,loss,Pathogenic,50174
9,8651502,8669024,loss,Pathogenic,17523
9,36401260,36408998,loss,Pathogenic,7739
9,136525422,136533563,loss,Pathogenic,8142
11,96225474,96270702,loss,Benign,45229
11,105719123,105725330,loss,Pathogenic,6208
12,76764982,76765497,loss,Pathogenic,516
14,49853746,49862658,loss,Pathogenic,8913
14,78558760,78573464,loss,Pathogenic,14705
14,101775698,101781482,loss,Pathogenic,5785
15,72051453,72061881,loss,Pathogenic,10429
15,75574926,75578015,loss,Pathogenic,3090
16,53096410,53104126,loss,Pathogenic,7717
17,42377990,42384132,loss,Pathogenic,6143
17,51102013,51105978,loss,Pathogenic,3966
20,32764042,32764146,loss,Benign,105
22,38698166,38698549,loss,Benign,384
1,1843821,1854813,loss,Pathogenic,10993
1,157037337,157044240,loss,Benign,6904
1,201654854,201657270,loss,Pathogenic,2417
1,235867116,235867521,loss,Pathogenic,406
1,245233785,245238936,loss,Pathogenic,5152
1,245589661,245597514,loss,Pathogenic,7854
2,1865724,1869797,loss,Pathogenic,4074
2,2327628,2327891,loss,Pathogenic,264
2,2327628,2327891,loss,Benign,264
2,50953771,51022928,loss,Pathogenic,69158
2,71334162,71334302,loss,Pathogenic,141
2,127524992,127525523,loss,Benign,532
2,133257482,133269088,loss,Pathogenic,11607
2,149016826,149020083,loss,Pathogenic,3258
2,202381209,202422110,loss,Pathogenic,40902
4,93006781,93082547,loss,Pathogenic,75767
6,37690685,37693709,loss,Pathogenic,3025
6,111850856,111854381,loss,Pathogenic,3526
6,159980104,159983490,loss,Benign,3387
6,159999403,160006202,loss,Pathogenic,6800
7,47501043,47506160,loss,Pathogenic,5118
7,47501043,47506160,loss,Benign,5118
7,77539735,77540344,loss,Pathogenic,610
7,157138324,157138585,loss,Pathogenic,262
8,124726400,124726520,loss,Pathogenic,121
9,8651501,8669024,loss,Pathogenic,17524
10,86215186,86298768,loss,Pathogenic,83583
11,46105965,46109980,loss,Pathogenic,4016
11,62640244,62645255,loss,Pathogenic,5012
11,118622627,118624010,loss,Pathogenic,1384
14,78832547,78835297,loss,Pathogenic,2751
15,43508723,43509222,loss,Pathogenic,500
15,43508723,43509222,loss,Benign,500
15,73056240,73059159,loss,Pathogenic,2920
17,17783461,17783611,loss,Pathogenic,151
17,82098664,82098772,loss,Benign,109
18,52343283,52343389,loss,Pathogenic,107
19,798547,798819,loss,Pathogenic,273
19,5720974,5723544,loss,Pathogenic,2571
1,26705374,26708518,loss,Pathogenic,3145
1,40162953,40165990,loss,Benign,3038
1,50956256,50958894,loss,Pathogenic,2639
2,45876107,45883462,loss,Pathogenic,7356
3,187742688,187742821,loss,Pathogenic,134
4,6784665,6791471,loss,Benign,6807
4,42655406,42655624,loss,Pathogenic,219
6,42449297,42450177,loss,Pathogenic,881
6,125777497,125780828,loss,Pathogenic,3332
7,70732362,70743572,loss,Pathogenic,11211
9,8651502,8669024,loss,Benign,17523
11,96225474,96270702,loss,Pathogenic,45229
11,105719123,105725330,loss,Benign,6208
11,111604465,111604688,loss,Pathogenic,224
12,47809817,47813435,loss,Pathogenic,3619
15,75452537,75452653,loss,Pathogenic,117
16,49639919,49640597,loss,Pathogenic,679
16,53096410,53104126,loss,Benign,7717
16,72839154,72848695,loss,Pathogenic,9542
17,61210822,61215892,loss,Pathogenic,5071
20,32764042,32764146,loss,Pathogenic,105
20,63651822,63651939,loss,Pathogenic,118
22,38698166,38698549,loss,Pathogenic,384
1,27594238,27596572,loss,Pathogenic,2335
1,157037337,157044240,loss,Pathogenic,6904
2,40399829,40405974,loss,Pathogenic,6146
2,127524992,127525523,loss,Pathogenic,532
2,133257482,133269088,loss,Benign,11607
2,235591021,235611574,loss,Pathogenic,20554
2,235591021,235611574,loss,Benign,20554
4,93006781,93082547,loss,Benign,75767
4,93012432,93084423,loss,Pathogenic,71992
4,93012432,93084423,loss,Benign,71992
6,37690685,37693709,loss,Benign,3025
6,159980104,159983490,loss,Pathogenic,3387
8,88324539,88324984,loss,Pathogenic,446
8,124726400,124726520,loss,Benign,121
8,141001921,141004386,loss,Pathogenic,2466
9,16496028,16518705,loss,Pathogenic,22678
9,106920342,106920740,loss,Pathogenic,399
9,106920342,106920740,loss,Benign,399
11,933156,949164,loss,Pathogenic,16009
11,62640244,62645255,loss,Benign,5012
14,99801315,99807622,loss,Pathogenic,6308
16,427849,430744,loss,Pathogenic,2896
16,8960407,8962743,loss,Pathogenic,2337
17,82098664,82098772,loss,Pathogenic,109
19,4973400,4987170,loss,Benign,13771
19,4973400,4987170,loss,Pathogenic,13771
